Time (s),Voltage (V),Pressure
0.253028, 2.825493, 310.804226
0.259869, 2.822944, 310.523843
0.262560, 2.822944, 310.523843
0.264902, 2.825493, 310.804226
0.267524, 2.825493, 310.804226
0.269367, 2.825493, 310.804226
0.271374, 2.825493, 310.804226
0.273308, 2.825493, 310.804226
0.275159, 2.825493, 310.804226
0.276914, 2.825493, 310.804226
0.278684, 2.825493, 310.804226
0.280397, 2.825493, 310.804226
0.282181, 2.825493, 310.804226
0.283928, 2.825493, 310.804226
0.285730, 2.825493, 310.804226
0.287658, 2.825493, 310.804226
0.291017, 2.825493, 310.804226
0.292857, 2.825493, 310.804226
0.294507, 2.828042, 311.084609
0.296168, 2.825493, 310.804226
0.297785, 2.825493, 310.804226
0.299333, 2.825493, 310.804226
0.300841, 2.825493, 310.804226
0.302500, 2.825493, 310.804226
0.304210, 2.822944, 310.523843
0.305765, 2.822944, 310.523843
0.307437, 2.825493, 310.804226
0.309009, 2.825493, 310.804226
0.310524, 2.825493, 310.804226
0.312034, 2.825493, 310.804226
0.313740, 2.825493, 310.804226
0.315385, 2.825493, 310.804226
0.316954, 2.825493, 310.804226
0.318582, 2.825493, 310.804226
0.320183, 2.825493, 310.804226
0.321747, 2.825493, 310.804226
0.323370, 2.825493, 310.804226
0.325005, 2.825493, 310.804226
0.326555, 2.825493, 310.804226
0.328074, 2.825493, 310.804226
0.329618, 2.825493, 310.804226
0.331166, 2.825493, 310.804226
0.332923, 2.825493, 310.804226
0.334682, 2.825493, 310.804226
0.336425, 2.825493, 310.804226
0.338054, 2.825493, 310.804226
0.339693, 2.825493, 310.804226
0.341381, 2.825493, 310.804226
0.342994, 2.825493, 310.804226
0.344608, 2.825493, 310.804226
0.346208, 2.828042, 311.084609
0.347936, 2.825493, 310.804226
0.349479, 2.825493, 310.804226
0.350995, 2.825493, 310.804226
0.352675, 2.825493, 310.804226
0.354572, 2.825493, 310.804226
0.356181, 2.825493, 310.804226
0.357847, 2.825493, 310.804226
0.359552, 2.825493, 310.804226
0.361085, 2.825493, 310.804226
0.362650, 2.825493, 310.804226
0.364234, 2.825493, 310.804226
0.365887, 2.825493, 310.804226
0.367615, 2.825493, 310.804226
0.369149, 2.825493, 310.804226
0.370708, 2.825493, 310.804226
0.372223, 2.825493, 310.804226
0.374118, 2.825493, 310.804226
0.375670, 2.825493, 310.804226
0.377229, 2.825493, 310.804226
0.378765, 2.825493, 310.804226
0.380514, 2.825493, 310.804226
0.382067, 2.825493, 310.804226
0.383813, 2.825493, 310.804226
0.385389, 2.825493, 310.804226
0.387114, 2.825493, 310.804226
0.388605, 2.825493, 310.804226
0.390277, 2.825493, 310.804226
0.391790, 2.825493, 310.804226
0.393326, 2.825493, 310.804226
0.394817, 2.825493, 310.804226
0.396483, 2.825493, 310.804226
0.398013, 2.825493, 310.804226
0.399477, 2.825493, 310.804226
0.400952, 2.825493, 310.804226
0.402416, 2.825493, 310.804226
0.404098, 2.825493, 310.804226
0.405704, 2.828042, 311.084609
0.407356, 2.828042, 311.084609
0.408844, 2.825493, 310.804226
0.410301, 2.825493, 310.804226
0.411770, 2.825493, 310.804226
0.413360, 2.825493, 310.804226
0.414860, 2.825493, 310.804226
0.416455, 2.825493, 310.804226
0.418028, 2.828042, 311.084609
0.419519, 2.828042, 311.084609
0.421014, 2.825493, 310.804226
0.423626, 2.825493, 310.804226
0.426733, 2.825493, 310.804226
0.432457, 2.825493, 310.804226
0.434487, 2.825493, 310.804226
0.436110, 2.825493, 310.804226
0.437808, 2.825493, 310.804226
0.439506, 2.825493, 310.804226
0.441011, 2.828042, 311.084609
0.442630, 2.828042, 311.084609
0.444498, 2.828042, 311.084609
0.446073, 2.825493, 310.804226
0.447826, 2.825493, 310.804226
0.449316, 2.825493, 310.804226
0.450778, 2.825493, 310.804226
0.452268, 2.825493, 310.804226
0.454149, 2.825493, 310.804226
0.455756, 2.825493, 310.804226
0.457257, 2.825493, 310.804226
0.458971, 2.825493, 310.804226
0.460462, 2.825493, 310.804226
0.461956, 2.828042, 311.084609
0.463547, 2.828042, 311.084609
0.465118, 2.825493, 310.804226
0.466627, 2.825493, 310.804226
0.468215, 2.825493, 310.804226
0.469935, 2.825493, 310.804226
0.471471, 2.825493, 310.804226
0.473078, 2.825493, 310.804226
0.474944, 2.825493, 310.804226
0.476616, 2.825493, 310.804226
0.478234, 2.825493, 310.804226
0.479713, 2.828042, 311.084609
0.481187, 2.825493, 310.804226
0.482668, 2.828042, 311.084609
0.484324, 2.828042, 311.084609
0.486014, 2.825493, 310.804226
0.487632, 2.828042, 311.084609
0.489190, 2.828042, 311.084609
0.490932, 2.825493, 310.804226
0.492414, 2.825493, 310.804226
0.493972, 2.828042, 311.084609
0.495493, 2.828042, 311.084609
0.497060, 2.828042, 311.084609
0.498753, 2.828042, 311.084609
0.500244, 2.828042, 311.084609
0.501729, 2.828042, 311.084609
0.503223, 2.825493, 310.804226
0.504931, 2.825493, 310.804226
0.506598, 2.825493, 310.804226
0.508187, 2.828042, 311.084609
0.509676, 2.825493, 310.804226
0.511143, 2.825493, 310.804226
0.512637, 2.825493, 310.804226
0.514181, 2.825493, 310.804226
0.515748, 2.828042, 311.084609
0.517254, 2.828042, 311.084609
0.518993, 2.828042, 311.084609
0.520520, 2.825493, 310.804226
0.522015, 2.825493, 310.804226
0.523801, 2.825493, 310.804226
0.525445, 2.825493, 310.804226
0.527058, 2.825493, 310.804226
0.528742, 2.825493, 310.804226
0.530384, 2.825493, 310.804226
0.531992, 2.828042, 311.084609
0.533621, 2.828042, 311.084609
0.535151, 2.825493, 310.804226
0.536883, 2.825493, 310.804226
0.538631, 2.825493, 310.804226
0.540286, 2.825493, 310.804226
0.541908, 2.825493, 310.804226
0.543378, 2.825493, 310.804226
0.545123, 2.825493, 310.804226
0.546792, 2.828042, 311.084609
0.548447, 2.828042, 311.084609
0.549936, 2.825493, 310.804226
0.551418, 2.828042, 311.084609
0.552877, 2.825493, 310.804226
0.554626, 2.828042, 311.084609
0.556206, 2.825493, 310.804226
0.557970, 2.825493, 310.804226
0.559438, 2.825493, 310.804226
0.560915, 2.828042, 311.084609
0.562408, 2.825493, 310.804226
0.564156, 2.828042, 311.084609
0.565711, 2.828042, 311.084609
0.567307, 2.825493, 310.804226
0.568962, 2.828042, 311.084609
0.570608, 2.828042, 311.084609
0.572121, 2.828042, 311.084609
0.574837, 2.828042, 311.084609
0.577374, 2.825493, 310.804226
0.578889, 2.828042, 311.084609
0.580378, 2.825493, 310.804226
0.581848, 2.825493, 310.804226
0.583317, 2.825493, 310.804226
0.584931, 2.828042, 311.084609
0.586650, 2.828042, 311.084609
0.588214, 2.828042, 311.084609
0.589682, 2.828042, 311.084609
0.591145, 2.825493, 310.804226
0.592612, 2.828042, 311.084609
0.594588, 2.825493, 310.804226
0.596110, 2.828042, 311.084609
0.597698, 2.828042, 311.084609
0.599157, 2.828042, 311.084609
0.600631, 2.828042, 311.084609
0.602097, 2.825493, 310.804226
0.603671, 2.825493, 310.804226
0.605616, 2.828042, 311.084609
0.607366, 2.825493, 310.804226
0.609037, 2.825493, 310.804226
0.610525, 2.828042, 311.084609
0.611994, 2.825493, 310.804226
0.613474, 2.828042, 311.084609
0.615949, 2.825493, 310.804226
0.617892, 2.825493, 310.804226
0.619615, 2.828042, 311.084609
0.621599, 2.825493, 310.804226
0.623302, 2.828042, 311.084609
0.624953, 2.828042, 311.084609
0.626466, 2.828042, 311.084609
0.627952, 2.828042, 311.084609
0.629441, 2.828042, 311.084609
0.631520, 2.828042, 311.084609
0.633124, 2.828042, 311.084609
0.634780, 2.825493, 310.804226
0.636324, 2.828042, 311.084609
0.638208, 2.828042, 311.084609
0.639762, 2.828042, 311.084609
0.641359, 2.828042, 311.084609
0.642828, 2.828042, 311.084609
0.644290, 2.828042, 311.084609
0.645796, 2.825493, 310.804226
0.647382, 2.828042, 311.084609
0.648949, 2.828042, 311.084609
0.650482, 2.825493, 310.804226
0.651926, 2.825493, 310.804226
0.653527, 2.825493, 310.804226
0.655090, 2.828042, 311.084609
0.656705, 2.828042, 311.084609
0.658186, 2.828042, 311.084609
0.659646, 2.828042, 311.084609
0.661109, 2.828042, 311.084609
0.662566, 2.828042, 311.084609
0.664214, 2.825493, 310.804226
0.667148, 2.828042, 311.084609
0.669316, 2.825493, 310.804226
0.671154, 2.825493, 310.804226
0.672786, 2.825493, 310.804226
0.674646, 2.825493, 310.804226
0.677628, 2.825493, 310.804226
0.681138, 2.828042, 311.084609
0.683496, 2.828042, 311.084609
0.685314, 2.828042, 311.084609
0.687920, 2.825493, 310.804226
0.689870, 2.828042, 311.084609
0.691477, 2.825493, 310.804226
0.693058, 2.825493, 310.804226
0.694636, 2.825493, 310.804226
0.696215, 2.825493, 310.804226
0.697763, 2.825493, 310.804226
0.699297, 2.828042, 311.084609
0.700800, 2.828042, 311.084609
0.702325, 2.828042, 311.084609
0.704919, 2.828042, 311.084609
0.706623, 2.828042, 311.084609
0.708140, 2.825493, 310.804226
0.709626, 2.828042, 311.084609
0.711102, 2.828042, 311.084609
0.712627, 2.825493, 310.804226
0.714102, 2.825493, 310.804226
0.715589, 2.825493, 310.804226
0.717083, 2.828042, 311.084609
0.718601, 2.825493, 310.804226
0.720339, 2.828042, 311.084609
0.722470, 2.828042, 311.084609
0.724148, 2.828042, 311.084609
0.725684, 2.828042, 311.084609
0.727147, 2.825493, 310.804226
0.728613, 2.825493, 310.804226
0.730094, 2.825493, 310.804226
0.731687, 2.825493, 310.804226
0.733264, 2.828042, 311.084609
0.734891, 2.825493, 310.804226
0.736379, 2.828042, 311.084609
0.737889, 2.828042, 311.084609
0.739441, 2.825493, 310.804226
0.741138, 2.828042, 311.084609
0.742734, 2.828042, 311.084609
0.744231, 2.825493, 310.804226
0.745692, 2.825493, 310.804226
0.747540, 2.825493, 310.804226
0.749179, 2.825493, 310.804226
0.750843, 2.825493, 310.804226
0.752531, 2.825493, 310.804226
0.754059, 2.828042, 311.084609
0.755677, 2.828042, 311.084609
0.757262, 2.828042, 311.084609
0.758780, 2.828042, 311.084609
0.760298, 2.825493, 310.804226
0.762102, 2.825493, 310.804226
0.767605, 2.825493, 310.804226
0.769353, 2.828042, 311.084609
0.771219, 2.825493, 310.804226
0.772866, 2.828042, 311.084609
0.774534, 2.828042, 311.084609
0.776207, 2.828042, 311.084609
0.777686, 2.828042, 311.084609
0.779172, 2.828042, 311.084609
0.780657, 2.828042, 311.084609
0.782355, 2.828042, 311.084609
0.783894, 2.828042, 311.084609
0.785362, 2.828042, 311.084609
0.786916, 2.828042, 311.084609
0.788579, 2.825493, 310.804226
0.790082, 2.828042, 311.084609
0.791552, 2.825493, 310.804226
0.793313, 2.828042, 311.084609
0.794821, 2.828042, 311.084609
0.796323, 2.828042, 311.084609
0.797780, 2.828042, 311.084609
0.799393, 2.828042, 311.084609
0.800915, 2.825493, 310.804226
0.802518, 2.828042, 311.084609
0.804010, 2.825493, 310.804226
0.805484, 2.825493, 310.804226
0.807008, 2.825493, 310.804226
0.808536, 2.825493, 310.804226
0.809998, 2.828042, 311.084609
0.811535, 2.825493, 310.804226
0.813129, 2.825493, 310.804226
0.814606, 2.825493, 310.804226
0.816279, 2.825493, 310.804226
0.817757, 2.825493, 310.804226
0.819291, 2.825493, 310.804226
0.820968, 2.825493, 310.804226
0.822597, 2.825493, 310.804226
0.824172, 2.825493, 310.804226
0.825692, 2.825493, 310.804226
0.827211, 2.825493, 310.804226
0.828730, 2.825493, 310.804226
0.830254, 2.828042, 311.084609
0.831780, 2.825493, 310.804226
0.833388, 2.825493, 310.804226
0.834940, 2.825493, 310.804226
0.836516, 2.825493, 310.804226
0.838095, 2.828042, 311.084609
0.839646, 2.825493, 310.804226
0.841158, 2.825493, 310.804226
0.842765, 2.825493, 310.804226
0.844312, 2.825493, 310.804226
0.845819, 2.828042, 311.084609
0.847352, 2.828042, 311.084609
0.848889, 2.825493, 310.804226
0.850374, 2.828042, 311.084609
0.851852, 2.828042, 311.084609
0.853678, 2.825493, 310.804226
0.855209, 2.825493, 310.804226
0.856699, 2.825493, 310.804226
0.858179, 2.825493, 310.804226
0.859674, 2.825493, 310.804226
0.861201, 2.828042, 311.084609
0.863005, 2.828042, 311.084609
0.864858, 2.828042, 311.084609
0.866599, 2.828042, 311.084609
0.868064, 2.825493, 310.804226
0.869572, 2.825493, 310.804226
0.871223, 2.825493, 310.804226
0.872904, 2.825493, 310.804226
0.874728, 2.825493, 310.804226
0.876381, 2.825493, 310.804226
0.877941, 2.825493, 310.804226
0.879407, 2.825493, 310.804226
0.880874, 2.825493, 310.804226
0.882343, 2.825493, 310.804226
0.884005, 2.828042, 311.084609
0.885666, 2.825493, 310.804226
0.887427, 2.825493, 310.804226
0.889061, 2.825493, 310.804226
0.890740, 2.825493, 310.804226
0.892213, 2.825493, 310.804226
0.894149, 2.825493, 310.804226
0.896072, 2.825493, 310.804226
0.897624, 2.825493, 310.804226
0.899169, 2.825493, 310.804226
0.900796, 2.828042, 311.084609
0.902252, 2.825493, 310.804226
0.903826, 2.828042, 311.084609
0.905492, 2.825493, 310.804226
0.907063, 2.825493, 310.804226
0.908655, 2.825493, 310.804226
0.910112, 2.825493, 310.804226
0.911562, 2.825493, 310.804226
0.913026, 2.825493, 310.804226
0.914590, 2.825493, 310.804226
0.916127, 2.825493, 310.804226
0.917720, 2.825493, 310.804226
0.919371, 2.828042, 311.084609
0.920966, 2.825493, 310.804226
0.922591, 2.825493, 310.804226
0.924346, 2.825493, 310.804226
0.926292, 2.825493, 310.804226
0.927929, 2.825493, 310.804226
0.929546, 2.825493, 310.804226
0.931013, 2.825493, 310.804226
0.932503, 2.825493, 310.804226
0.933997, 2.825493, 310.804226
0.935587, 2.825493, 310.804226
0.937136, 2.825493, 310.804226
0.938700, 2.828042, 311.084609
0.940395, 2.825493, 310.804226
0.941897, 2.825493, 310.804226
0.943367, 2.825493, 310.804226
0.944930, 2.825493, 310.804226
0.946507, 2.825493, 310.804226
0.948108, 2.825493, 310.804226
0.949769, 2.825493, 310.804226
0.951243, 2.825493, 310.804226
0.952739, 2.825493, 310.804226
0.954303, 2.825493, 310.804226
0.956276, 2.828042, 311.084609
0.958069, 2.825493, 310.804226
0.959803, 2.825493, 310.804226
0.961412, 2.825493, 310.804226
0.963116, 2.825493, 310.804226
0.964603, 2.825493, 310.804226
0.967357, 2.825493, 310.804226
0.969432, 2.825493, 310.804226
0.971110, 2.825493, 310.804226
0.972675, 2.825493, 310.804226
0.974156, 2.825493, 310.804226
0.975624, 2.825493, 310.804226
0.977295, 2.825493, 310.804226
0.978921, 2.825493, 310.804226
0.980480, 2.825493, 310.804226
0.981940, 2.825493, 310.804226
0.983414, 2.825493, 310.804226
0.984850, 2.828042, 311.084609
0.986568, 2.825493, 310.804226
0.988443, 2.825493, 310.804226
0.990084, 2.825493, 310.804226
0.991627, 2.825493, 310.804226
0.993233, 2.825493, 310.804226
0.994832, 2.825493, 310.804226
0.996355, 2.825493, 310.804226
0.997936, 2.825493, 310.804226
0.999482, 2.825493, 310.804226
1.001046, 2.825493, 310.804226
1.002568, 2.825493, 310.804226
1.004082, 2.825493, 310.804226
1.005626, 2.828042, 311.084609
1.007295, 2.825493, 310.804226
1.008855, 2.825493, 310.804226
1.010377, 2.825493, 310.804226
1.011889, 2.825493, 310.804226
1.013510, 2.825493, 310.804226
1.015297, 2.825493, 310.804226
1.017460, 2.825493, 310.804226
1.019049, 2.825493, 310.804226
1.020682, 2.825493, 310.804226
1.022377, 2.825493, 310.804226
1.023984, 2.825493, 310.804226
1.025481, 2.825493, 310.804226
1.027018, 2.825493, 310.804226
1.028876, 2.825493, 310.804226
1.030522, 2.825493, 310.804226
1.032020, 2.825493, 310.804226
1.033677, 2.825493, 310.804226
1.035228, 2.825493, 310.804226
1.036712, 2.825493, 310.804226
1.038369, 2.825493, 310.804226
1.040008, 2.825493, 310.804226
1.041628, 2.825493, 310.804226
1.043089, 2.825493, 310.804226
1.044542, 2.825493, 310.804226
1.046016, 2.825493, 310.804226
1.047685, 2.825493, 310.804226
1.049319, 2.825493, 310.804226
1.050886, 2.825493, 310.804226
1.052482, 2.825493, 310.804226
1.054068, 2.825493, 310.804226
1.055549, 2.825493, 310.804226
1.056979, 2.825493, 310.804226
1.058618, 2.825493, 310.804226
1.060104, 2.825493, 310.804226
1.061632, 2.825493, 310.804226
1.063255, 2.828042, 311.084609
1.064705, 2.825493, 310.804226
1.066184, 2.825493, 310.804226
1.067821, 2.825493, 310.804226
1.069357, 2.825493, 310.804226
1.070923, 2.825493, 310.804226
1.072584, 2.825493, 310.804226
1.074286, 2.825493, 310.804226
1.075946, 2.828042, 311.084609
1.077566, 2.825493, 310.804226
1.079162, 2.825493, 310.804226
1.080813, 2.825493, 310.804226
1.082326, 2.825493, 310.804226
1.083960, 2.825493, 310.804226
1.085812, 2.825493, 310.804226
1.088265, 2.825493, 310.804226
1.090065, 2.825493, 310.804226
1.091730, 2.825493, 310.804226
1.093313, 2.825493, 310.804226
1.094871, 2.825493, 310.804226
1.096446, 2.825493, 310.804226
1.098652, 2.825493, 310.804226
1.101517, 2.825493, 310.804226
1.103198, 2.825493, 310.804226
1.104863, 2.825493, 310.804226
1.106527, 2.825493, 310.804226
1.108197, 2.825493, 310.804226
1.109769, 2.825493, 310.804226
1.111326, 2.825493, 310.804226
1.112894, 2.825493, 310.804226
1.114459, 2.825493, 310.804226
1.116048, 2.825493, 310.804226
1.117915, 2.825493, 310.804226
1.119699, 2.825493, 310.804226
1.121260, 2.828042, 311.084609
1.122801, 2.825493, 310.804226
1.124332, 2.825493, 310.804226
1.125827, 2.825493, 310.804226
1.127531, 2.825493, 310.804226
1.129060, 2.825493, 310.804226
1.130536, 2.825493, 310.804226
1.132112, 2.825493, 310.804226
1.133713, 2.825493, 310.804226
1.135383, 2.825493, 310.804226
1.136934, 2.825493, 310.804226
1.138640, 2.825493, 310.804226
1.140123, 2.825493, 310.804226
1.141623, 2.825493, 310.804226
1.143101, 2.825493, 310.804226
1.144610, 2.825493, 310.804226
1.146079, 2.825493, 310.804226
1.147674, 2.825493, 310.804226
1.149874, 2.825493, 310.804226
1.151646, 2.828042, 311.084609
1.153376, 2.828042, 311.084609
1.155238, 2.825493, 310.804226
1.156846, 2.825493, 310.804226
1.158476, 2.825493, 310.804226
1.160118, 2.825493, 310.804226
1.161742, 2.825493, 310.804226
1.163750, 2.825493, 310.804226
1.165663, 2.825493, 310.804226
1.167373, 2.825493, 310.804226
1.169025, 2.825493, 310.804226
1.171474, 2.825493, 310.804226
1.173144, 2.828042, 311.084609
1.174733, 2.825493, 310.804226
1.176355, 2.825493, 310.804226
1.177917, 2.825493, 310.804226
1.179710, 2.825493, 310.804226
1.181417, 2.825493, 310.804226
1.182974, 2.825493, 310.804226
1.184537, 2.825493, 310.804226
1.186348, 2.825493, 310.804226
1.188338, 2.825493, 310.804226
1.189977, 2.825493, 310.804226
1.191631, 2.828042, 311.084609
1.193278, 2.825493, 310.804226
1.194924, 2.825493, 310.804226
1.196551, 2.825493, 310.804226
1.198111, 2.825493, 310.804226
1.199686, 2.825493, 310.804226
1.201227, 2.825493, 310.804226
1.202773, 2.825493, 310.804226
1.204326, 2.825493, 310.804226
1.205875, 2.825493, 310.804226
1.207479, 2.825493, 310.804226
1.209025, 2.825493, 310.804226
1.210563, 2.825493, 310.804226
1.212070, 2.825493, 310.804226
1.213600, 2.825493, 310.804226
1.215134, 2.825493, 310.804226
1.216676, 2.825493, 310.804226
1.218404, 2.825493, 310.804226
1.220027, 2.825493, 310.804226
1.221623, 2.825493, 310.804226
1.223224, 2.828042, 311.084609
1.224763, 2.828042, 311.084609
1.226294, 2.828042, 311.084609
1.227966, 2.828042, 311.084609
1.229544, 2.825493, 310.804226
1.231085, 2.825493, 310.804226
1.232612, 2.825493, 310.804226
1.234142, 2.825493, 310.804226
1.235812, 2.825493, 310.804226
1.237615, 2.825493, 310.804226
1.239367, 2.825493, 310.804226
1.240995, 2.825493, 310.804226
1.242559, 2.825493, 310.804226
1.244111, 2.825493, 310.804226
1.245656, 2.828042, 311.084609
1.247267, 2.825493, 310.804226
1.248848, 2.825493, 310.804226
1.250398, 2.825493, 310.804226
1.252005, 2.825493, 310.804226
1.259842, 2.825493, 310.804226
1.262271, 2.825493, 310.804226
1.264024, 2.825493, 310.804226
1.265690, 2.825493, 310.804226
1.267366, 2.825493, 310.804226
1.269159, 2.825493, 310.804226
1.270824, 2.825493, 310.804226
1.272455, 2.825493, 310.804226
1.274050, 2.825493, 310.804226
1.275631, 2.825493, 310.804226
1.277208, 2.825493, 310.804226
1.279197, 2.825493, 310.804226
1.281264, 2.825493, 310.804226
1.282978, 2.825493, 310.804226
1.284692, 2.825493, 310.804226
1.286466, 2.825493, 310.804226
1.288405, 2.825493, 310.804226
1.290049, 2.825493, 310.804226
1.291628, 2.825493, 310.804226
1.293160, 2.825493, 310.804226
1.294812, 2.825493, 310.804226
1.296386, 2.825493, 310.804226
1.297952, 2.825493, 310.804226
1.299484, 2.825493, 310.804226
1.301012, 2.825493, 310.804226
1.302536, 2.825493, 310.804226
1.304260, 2.825493, 310.804226
1.305830, 2.825493, 310.804226
1.307380, 2.828042, 311.084609
1.308993, 2.825493, 310.804226
1.310652, 2.825493, 310.804226
1.312212, 2.825493, 310.804226
1.313783, 2.822944, 310.523843
1.315349, 2.825493, 310.804226
1.316930, 2.825493, 310.804226
1.318471, 2.825493, 310.804226
1.320023, 2.825493, 310.804226
1.321641, 2.825493, 310.804226
1.323160, 2.825493, 310.804226
1.324659, 2.825493, 310.804226
1.326180, 2.825493, 310.804226
1.327738, 2.825493, 310.804226
1.329252, 2.825493, 310.804226
1.330849, 2.825493, 310.804226
1.332521, 2.825493, 310.804226
1.334043, 2.825493, 310.804226
1.335556, 2.825493, 310.804226
1.337086, 2.825493, 310.804226
1.338574, 2.822944, 310.523843
1.340075, 2.825493, 310.804226
1.341616, 2.825493, 310.804226
1.343114, 2.825493, 310.804226
1.344587, 2.825493, 310.804226
1.346080, 2.825493, 310.804226
1.347579, 2.825493, 310.804226
1.349050, 2.825493, 310.804226
1.350534, 2.825493, 310.804226
1.352177, 2.825493, 310.804226
1.353742, 2.825493, 310.804226
1.355273, 2.825493, 310.804226
1.356778, 2.825493, 310.804226
1.358280, 2.825493, 310.804226
1.359803, 2.825493, 310.804226
1.361454, 2.825493, 310.804226
1.363185, 2.825493, 310.804226
1.364967, 2.825493, 310.804226
1.366508, 2.825493, 310.804226
1.368019, 2.822944, 310.523843
1.369523, 2.825493, 310.804226
1.371060, 2.825493, 310.804226
1.372814, 2.825493, 310.804226
1.374585, 2.825493, 310.804226
1.376194, 2.825493, 310.804226
1.377889, 2.825493, 310.804226
1.379375, 2.825493, 310.804226
1.380839, 2.825493, 310.804226
1.382431, 2.822944, 310.523843
1.383970, 2.822944, 310.523843
1.385593, 2.822944, 310.523843
1.387264, 2.825493, 310.804226
1.388741, 2.825493, 310.804226
1.390220, 2.825493, 310.804226
1.391713, 2.825493, 310.804226
1.393783, 2.825493, 310.804226
1.395741, 2.822944, 310.523843
1.397473, 2.825493, 310.804226
1.399056, 2.825493, 310.804226
1.400532, 2.825493, 310.804226
1.402016, 2.825493, 310.804226
1.403630, 2.825493, 310.804226
1.405147, 2.822944, 310.523843
1.406751, 2.822944, 310.523843
1.408406, 2.822944, 310.523843
1.409891, 2.825493, 310.804226
1.411364, 2.822944, 310.523843
1.412959, 2.825493, 310.804226
1.414513, 2.822944, 310.523843
1.416131, 2.825493, 310.804226
1.417796, 2.822944, 310.523843
1.419272, 2.822944, 310.523843
1.421246, 2.822944, 310.523843
1.422999, 2.822944, 310.523843
1.424685, 2.825493, 310.804226
1.426458, 2.825493, 310.804226
1.427961, 2.822944, 310.523843
1.429442, 2.825493, 310.804226
1.430902, 2.822944, 310.523843
1.432367, 2.825493, 310.804226
1.433995, 2.825493, 310.804226
1.435658, 2.825493, 310.804226
1.437372, 2.822944, 310.523843
1.438902, 2.822944, 310.523843
1.440639, 2.822944, 310.523843
1.442127, 2.822944, 310.523843
1.443693, 2.825493, 310.804226
1.445250, 2.825493, 310.804226
1.446962, 2.822944, 310.523843
1.448436, 2.825493, 310.804226
1.449914, 2.825493, 310.804226
1.451360, 2.822944, 310.523843
1.452838, 2.825493, 310.804226
1.454501, 2.822944, 310.523843
1.456135, 2.822944, 310.523843
1.457824, 2.822944, 310.523843
1.459284, 2.822944, 310.523843
1.460756, 2.822944, 310.523843
1.462246, 2.825493, 310.804226
1.463845, 2.822944, 310.523843
1.465639, 2.825493, 310.804226
1.467201, 2.822944, 310.523843
1.468951, 2.822944, 310.523843
1.470526, 2.820395, 310.243460
1.472046, 2.822944, 310.523843
1.473887, 2.822944, 310.523843
1.475429, 2.822944, 310.523843
1.477084, 2.822944, 310.523843
1.478807, 2.822944, 310.523843
1.480281, 2.825493, 310.804226
1.481749, 2.822944, 310.523843
1.483206, 2.822944, 310.523843
1.484802, 2.825493, 310.804226
1.486447, 2.822944, 310.523843
1.488170, 2.822944, 310.523843
1.489788, 2.822944, 310.523843
1.491459, 2.820395, 310.243460
1.492941, 2.822944, 310.523843
1.494526, 2.822944, 310.523843
1.496068, 2.825493, 310.804226
1.497700, 2.825493, 310.804226
1.499324, 2.825493, 310.804226
1.500802, 2.825493, 310.804226
1.502280, 2.825493, 310.804226
1.503802, 2.822944, 310.523843
1.505486, 2.822944, 310.523843
1.507153, 2.822944, 310.523843
1.508824, 2.822944, 310.523843
1.510430, 2.822944, 310.523843
1.511896, 2.822944, 310.523843
1.513346, 2.822944, 310.523843
1.514821, 2.825493, 310.804226
1.516582, 2.825493, 310.804226
1.518121, 2.825493, 310.804226
1.519872, 2.822944, 310.523843
1.521447, 2.822944, 310.523843
1.523075, 2.822944, 310.523843
1.524752, 2.820395, 310.243460
1.526418, 2.822944, 310.523843
1.528134, 2.822944, 310.523843
1.529735, 2.822944, 310.523843
1.531189, 2.822944, 310.523843
1.532642, 2.822944, 310.523843
1.534115, 2.825493, 310.804226
1.535698, 2.822944, 310.523843
1.537333, 2.822944, 310.523843
1.538995, 2.822944, 310.523843
1.540703, 2.822944, 310.523843
1.542176, 2.822944, 310.523843
1.543629, 2.820395, 310.243460
1.545100, 2.820395, 310.243460
1.546650, 2.820395, 310.243460
1.548321, 2.822944, 310.523843
1.549933, 2.822944, 310.523843
1.551390, 2.822944, 310.523843
1.552865, 2.822944, 310.523843
1.554427, 2.822944, 310.523843
1.556209, 2.822944, 310.523843
1.557836, 2.822944, 310.523843
1.559590, 2.822944, 310.523843
1.561060, 2.822944, 310.523843
1.562540, 2.822944, 310.523843
1.564010, 2.822944, 310.523843
1.565461, 2.822944, 310.523843
1.567036, 2.822944, 310.523843
1.568752, 2.822944, 310.523843
1.570435, 2.825493, 310.804226
1.572103, 2.825493, 310.804226
1.573802, 2.825493, 310.804226
1.575260, 2.822944, 310.523843
1.576855, 2.825493, 310.804226
1.578373, 2.822944, 310.523843
1.580539, 2.825493, 310.804226
1.582083, 2.822944, 310.523843
1.583544, 2.822944, 310.523843
1.585023, 2.822944, 310.523843
1.586627, 2.822944, 310.523843
1.588314, 2.825493, 310.804226
1.589996, 2.822944, 310.523843
1.591709, 2.822944, 310.523843
1.593231, 2.822944, 310.523843
1.594704, 2.822944, 310.523843
1.596172, 2.822944, 310.523843
1.597700, 2.822944, 310.523843
1.599179, 2.822944, 310.523843
1.600658, 2.820395, 310.243460
1.602130, 2.822944, 310.523843
1.603706, 2.822944, 310.523843
1.605225, 2.822944, 310.523843
1.606994, 2.822944, 310.523843
1.608647, 2.822944, 310.523843
1.610294, 2.822944, 310.523843
1.611999, 2.820395, 310.243460
1.613458, 2.820395, 310.243460
1.614930, 2.820395, 310.243460
1.616416, 2.820395, 310.243460
1.618030, 2.822944, 310.523843
1.619767, 2.822944, 310.523843
1.621462, 2.822944, 310.523843
1.623272, 2.822944, 310.523843
1.624774, 2.822944, 310.523843
1.626234, 2.822944, 310.523843
1.627694, 2.822944, 310.523843
1.629282, 2.822944, 310.523843
1.630937, 2.822944, 310.523843
1.632618, 2.822944, 310.523843
1.634095, 2.820395, 310.243460
1.635586, 2.822944, 310.523843
1.637155, 2.822944, 310.523843
1.638897, 2.822944, 310.523843
1.640580, 2.825493, 310.804226
1.642212, 2.822944, 310.523843
1.643898, 2.822944, 310.523843
1.645369, 2.822944, 310.523843
1.646854, 2.822944, 310.523843
1.648326, 2.822944, 310.523843
1.649977, 2.822944, 310.523843
1.651645, 2.822944, 310.523843
1.653377, 2.822944, 310.523843
1.654932, 2.822944, 310.523843
1.656642, 2.822944, 310.523843
1.658206, 2.825493, 310.804226
1.659702, 2.822944, 310.523843
1.661236, 2.822944, 310.523843
1.662980, 2.822944, 310.523843
1.664524, 2.822944, 310.523843
1.665983, 2.822944, 310.523843
1.667459, 2.822944, 310.523843
1.668920, 2.822944, 310.523843
1.670841, 2.822944, 310.523843
1.672833, 2.822944, 310.523843
1.674371, 2.822944, 310.523843
1.676227, 2.822944, 310.523843
1.677711, 2.822944, 310.523843
1.679202, 2.822944, 310.523843
1.680696, 2.822944, 310.523843
1.682183, 2.820395, 310.243460
1.683642, 2.820395, 310.243460
1.685509, 2.820395, 310.243460
1.687343, 2.820395, 310.243460
1.688923, 2.820395, 310.243460
1.690561, 2.822944, 310.523843
1.692265, 2.822944, 310.523843
1.693756, 2.822944, 310.523843
1.695243, 2.822944, 310.523843
1.696726, 2.822944, 310.523843
1.698208, 2.822944, 310.523843
1.699683, 2.822944, 310.523843
1.701590, 2.822944, 310.523843
1.703234, 2.822944, 310.523843
1.704970, 2.822944, 310.523843
1.706594, 2.822944, 310.523843
1.708319, 2.822944, 310.523843
1.709915, 2.822944, 310.523843
1.711583, 2.822944, 310.523843
1.713061, 2.822944, 310.523843
1.714553, 2.825493, 310.804226
1.716045, 2.822944, 310.523843
1.717661, 2.822944, 310.523843
1.719211, 2.822944, 310.523843
1.722063, 2.822944, 310.523843
1.723744, 2.822944, 310.523843
1.725224, 2.822944, 310.523843
1.726675, 2.822944, 310.523843
1.728134, 2.822944, 310.523843
1.729576, 2.822944, 310.523843
1.731632, 2.825493, 310.804226
1.733265, 2.822944, 310.523843
1.734831, 2.822944, 310.523843
1.736267, 2.822944, 310.523843
1.737771, 2.822944, 310.523843
1.739333, 2.822944, 310.523843
1.741718, 2.820395, 310.243460
1.743313, 2.822944, 310.523843
1.744958, 2.822944, 310.523843
1.746394, 2.822944, 310.523843
1.747850, 2.822944, 310.523843
1.749296, 2.822944, 310.523843
1.750722, 2.822944, 310.523843
1.752304, 2.822944, 310.523843
1.753804, 2.822944, 310.523843
1.755331, 2.820395, 310.243460
1.756926, 2.820395, 310.243460
1.758342, 2.820395, 310.243460
1.759795, 2.822944, 310.523843
1.761309, 2.822944, 310.523843
1.762790, 2.822944, 310.523843
1.764355, 2.820395, 310.243460
1.765967, 2.822944, 310.523843
1.767438, 2.822944, 310.523843
1.768881, 2.822944, 310.523843
1.770403, 2.822944, 310.523843
1.772372, 2.820395, 310.243460
1.774077, 2.820395, 310.243460
1.775655, 2.822944, 310.523843
1.777222, 2.820395, 310.243460
1.778675, 2.822944, 310.523843
1.780125, 2.822944, 310.523843
1.781628, 2.822944, 310.523843
1.783109, 2.822944, 310.523843
1.784695, 2.822944, 310.523843
1.786191, 2.825493, 310.804226
1.787648, 2.822944, 310.523843
1.789109, 2.822944, 310.523843
1.790541, 2.822944, 310.523843
1.792078, 2.822944, 310.523843
1.793534, 2.822944, 310.523843
1.795132, 2.822944, 310.523843
1.796582, 2.822944, 310.523843
1.798018, 2.822944, 310.523843
1.799437, 2.822944, 310.523843
1.800858, 2.822944, 310.523843
1.802504, 2.822944, 310.523843
1.804176, 2.822944, 310.523843
1.805611, 2.822944, 310.523843
1.807096, 2.820395, 310.243460
1.808581, 2.820395, 310.243460
1.810061, 2.820395, 310.243460
1.811512, 2.822944, 310.523843
1.813088, 2.822944, 310.523843
1.814590, 2.822944, 310.523843
1.816135, 2.822944, 310.523843
1.817611, 2.822944, 310.523843
1.819220, 2.822944, 310.523843
1.820858, 2.822944, 310.523843
1.822561, 2.822944, 310.523843
1.824238, 2.820395, 310.243460
1.825909, 2.820395, 310.243460
1.827430, 2.820395, 310.243460
1.828954, 2.822944, 310.523843
1.830466, 2.820395, 310.243460
1.831959, 2.820395, 310.243460
1.833748, 2.820395, 310.243460
1.835449, 2.820395, 310.243460
1.837188, 2.822944, 310.523843
1.838698, 2.822944, 310.523843
1.840283, 2.822944, 310.523843
1.841867, 2.822944, 310.523843
1.843438, 2.820395, 310.243460
1.844989, 2.820395, 310.243460
1.846615, 2.820395, 310.243460
1.848071, 2.822944, 310.523843
1.849498, 2.822944, 310.523843
1.850950, 2.822944, 310.523843
1.852391, 2.822944, 310.523843
1.854453, 2.822944, 310.523843
1.856238, 2.822944, 310.523843
1.857924, 2.822944, 310.523843
1.859503, 2.822944, 310.523843
1.861105, 2.820395, 310.243460
1.862534, 2.822944, 310.523843
1.864223, 2.822944, 310.523843
1.865703, 2.822944, 310.523843
1.867191, 2.822944, 310.523843
1.868851, 2.822944, 310.523843
1.870372, 2.822944, 310.523843
1.872012, 2.822944, 310.523843
1.874087, 2.822944, 310.523843
1.877089, 2.822944, 310.523843
1.878775, 2.822944, 310.523843
1.880321, 2.820395, 310.243460
1.881941, 2.820395, 310.243460
1.883889, 2.822944, 310.523843
1.886359, 2.822944, 310.523843
1.888412, 2.822944, 310.523843
1.890182, 2.822944, 310.523843
1.891844, 2.822944, 310.523843
1.893634, 2.822944, 310.523843
1.895295, 2.822944, 310.523843
1.896894, 2.822944, 310.523843
1.898535, 2.820395, 310.243460
1.901465, 2.820395, 310.243460
1.904956, 2.820395, 310.243460
1.907123, 2.820395, 310.243460
1.909297, 2.820395, 310.243460
1.911351, 2.820395, 310.243460
1.913903, 2.820395, 310.243460
1.916590, 2.822944, 310.523843
1.918692, 2.820395, 310.243460
1.921037, 2.822944, 310.523843
1.923065, 2.822944, 310.523843
1.925306, 2.820395, 310.243460
1.927457, 2.820395, 310.243460
1.929370, 2.820395, 310.243460
1.931523, 2.820395, 310.243460
1.933543, 2.820395, 310.243460
1.935595, 2.822944, 310.523843
1.938627, 2.822944, 310.523843
1.941393, 2.822944, 310.523843
1.943776, 2.822944, 310.523843
1.946002, 2.822944, 310.523843
1.948130, 2.820395, 310.243460
1.950333, 2.820395, 310.243460
1.953110, 2.822944, 310.523843
1.956137, 2.820395, 310.243460
1.959275, 2.822944, 310.523843
1.961853, 2.822944, 310.523843
1.964241, 2.820395, 310.243460
1.966401, 2.822944, 310.523843
1.968847, 2.820395, 310.243460
1.971271, 2.820395, 310.243460
1.973254, 2.820395, 310.243460
1.975045, 2.820395, 310.243460
1.976803, 2.820395, 310.243460
1.978656, 2.820395, 310.243460
1.980310, 2.820395, 310.243460
1.982184, 2.820395, 310.243460
1.983858, 2.822944, 310.523843
1.985679, 2.820395, 310.243460
1.987618, 2.822944, 310.523843
1.989441, 2.822944, 310.523843
1.991183, 2.822944, 310.523843
1.992880, 2.820395, 310.243460
1.994579, 2.822944, 310.523843
1.996228, 2.820395, 310.243460
1.997828, 2.820395, 310.243460
1.999414, 2.820395, 310.243460
2.001244, 2.820395, 310.243460
2.003255, 2.820395, 310.243460
2.005021, 2.820395, 310.243460
2.006681, 2.822944, 310.523843
2.008359, 2.820395, 310.243460
2.010110, 2.820395, 310.243460
2.011849, 2.820395, 310.243460
2.013512, 2.822944, 310.523843
2.015143, 2.820395, 310.243460
2.016763, 2.820395, 310.243460
2.018336, 2.820395, 310.243460
2.019877, 2.820395, 310.243460
2.021515, 2.820395, 310.243460
2.023171, 2.820395, 310.243460
2.024829, 2.822944, 310.523843
2.026405, 2.820395, 310.243460
2.027921, 2.822944, 310.523843
2.029455, 2.820395, 310.243460
2.031033, 2.820395, 310.243460
2.032729, 2.820395, 310.243460
2.034293, 2.822944, 310.523843
2.035880, 2.820395, 310.243460
2.037491, 2.820395, 310.243460
2.039062, 2.820395, 310.243460
2.040605, 2.822944, 310.523843
2.042130, 2.822944, 310.523843
2.043752, 2.822944, 310.523843
2.045259, 2.822944, 310.523843
2.046768, 2.820395, 310.243460
2.048256, 2.820395, 310.243460
2.049741, 2.820395, 310.243460
2.051236, 2.820395, 310.243460
2.052822, 2.820395, 310.243460
2.054473, 2.820395, 310.243460
2.056040, 2.820395, 310.243460
2.057555, 2.820395, 310.243460
2.059080, 2.820395, 310.243460
2.060620, 2.822944, 310.523843
2.062140, 2.820395, 310.243460
2.063849, 2.820395, 310.243460
2.065414, 2.820395, 310.243460
2.066968, 2.820395, 310.243460
2.068469, 2.820395, 310.243460
2.070017, 2.820395, 310.243460
2.071541, 2.820395, 310.243460
2.073269, 2.820395, 310.243460
2.074896, 2.820395, 310.243460
2.076544, 2.822944, 310.523843
2.078049, 2.820395, 310.243460
2.079559, 2.820395, 310.243460
2.081057, 2.820395, 310.243460
2.082536, 2.820395, 310.243460
2.084108, 2.820395, 310.243460
2.085638, 2.820395, 310.243460
2.087262, 2.820395, 310.243460
2.095356, 2.820395, 310.243460
2.097351, 2.822944, 310.523843
2.099027, 2.820395, 310.243460
2.100560, 2.820395, 310.243460
2.102092, 2.820395, 310.243460
2.103747, 2.820395, 310.243460
2.105384, 2.820395, 310.243460
2.106913, 2.820395, 310.243460
2.108417, 2.820395, 310.243460
2.109977, 2.820395, 310.243460
2.111533, 2.820395, 310.243460
2.113039, 2.820395, 310.243460
2.114592, 2.820395, 310.243460
2.116192, 2.820395, 310.243460
2.117838, 2.820395, 310.243460
2.119395, 2.822944, 310.523843
2.120967, 2.820395, 310.243460
2.122467, 2.822944, 310.523843
2.124064, 2.820395, 310.243460
2.125619, 2.820395, 310.243460
2.127140, 2.820395, 310.243460
2.128620, 2.820395, 310.243460
2.130101, 2.820395, 310.243460
2.131601, 2.820395, 310.243460
2.133087, 2.820395, 310.243460
2.134681, 2.820395, 310.243460
2.136235, 2.820395, 310.243460
2.137945, 2.820395, 310.243460
2.139517, 2.820395, 310.243460
2.141030, 2.820395, 310.243460
2.142525, 2.820395, 310.243460
2.144048, 2.820395, 310.243460
2.145767, 2.820395, 310.243460
2.147288, 2.820395, 310.243460
2.148795, 2.817846, 309.963077
2.150297, 2.817846, 309.963077
2.151810, 2.820395, 310.243460
2.153439, 2.820395, 310.243460
2.155049, 2.820395, 310.243460
2.156600, 2.820395, 310.243460
2.158123, 2.820395, 310.243460
2.159630, 2.820395, 310.243460
2.161124, 2.820395, 310.243460
2.162607, 2.820395, 310.243460
2.164081, 2.820395, 310.243460
2.165672, 2.817846, 309.963077
2.167216, 2.820395, 310.243460
2.168671, 2.820395, 310.243460
2.170211, 2.820395, 310.243460
2.171822, 2.820395, 310.243460
2.173335, 2.820395, 310.243460
2.174866, 2.820395, 310.243460
2.176412, 2.820395, 310.243460
2.177947, 2.820395, 310.243460
2.179436, 2.820395, 310.243460
2.180940, 2.820395, 310.243460
2.182454, 2.820395, 310.243460
2.183936, 2.820395, 310.243460
2.185439, 2.820395, 310.243460
2.187118, 2.820395, 310.243460
2.188637, 2.820395, 310.243460
2.190164, 2.820395, 310.243460
2.191670, 2.820395, 310.243460
2.193176, 2.820395, 310.243460
2.194651, 2.820395, 310.243460
2.196224, 2.820395, 310.243460
2.197769, 2.817846, 309.963077
2.199276, 2.820395, 310.243460
2.200747, 2.817846, 309.963077
2.202228, 2.820395, 310.243460
2.203771, 2.820395, 310.243460
2.205271, 2.820395, 310.243460
2.206872, 2.820395, 310.243460
2.208624, 2.820395, 310.243460
2.210210, 2.820395, 310.243460
2.211747, 2.817846, 309.963077
2.213852, 2.820395, 310.243460
2.215711, 2.820395, 310.243460
2.217356, 2.817846, 309.963077
2.219020, 2.817846, 309.963077
2.220839, 2.820395, 310.243460
2.222660, 2.820395, 310.243460
2.224301, 2.817846, 309.963077
2.225912, 2.820395, 310.243460
2.227562, 2.820395, 310.243460
2.229110, 2.820395, 310.243460
2.230700, 2.820395, 310.243460
2.232301, 2.817846, 309.963077
2.233866, 2.817846, 309.963077
2.235420, 2.820395, 310.243460
2.237288, 2.820395, 310.243460
2.239165, 2.817846, 309.963077
2.240826, 2.820395, 310.243460
2.242402, 2.820395, 310.243460
2.244014, 2.822944, 310.523843
2.245590, 2.820395, 310.243460
2.247138, 2.820395, 310.243460
2.248686, 2.817846, 309.963077
2.250247, 2.817846, 309.963077
2.251794, 2.820395, 310.243460
2.253900, 2.820395, 310.243460
2.255652, 2.820395, 310.243460
2.257272, 2.820395, 310.243460
2.258879, 2.820395, 310.243460
2.260622, 2.820395, 310.243460
2.262268, 2.820395, 310.243460
2.264409, 2.820395, 310.243460
2.266133, 2.820395, 310.243460
2.267979, 2.820395, 310.243460
2.269750, 2.817846, 309.963077
2.271536, 2.817846, 309.963077
2.273409, 2.817846, 309.963077
2.275193, 2.817846, 309.963077
2.276892, 2.820395, 310.243460
2.278568, 2.820395, 310.243460
2.280288, 2.817846, 309.963077
2.281952, 2.820395, 310.243460
2.283717, 2.820395, 310.243460
2.285405, 2.817846, 309.963077
2.287087, 2.820395, 310.243460
2.288735, 2.817846, 309.963077
2.290366, 2.817846, 309.963077
2.292031, 2.817846, 309.963077
2.293782, 2.817846, 309.963077
2.295480, 2.817846, 309.963077
2.297111, 2.820395, 310.243460
2.298737, 2.817846, 309.963077
2.300335, 2.820395, 310.243460
2.301951, 2.820395, 310.243460
2.304426, 2.817846, 309.963077
2.306039, 2.820395, 310.243460
2.307756, 2.817846, 309.963077
2.309347, 2.817846, 309.963077
2.310919, 2.817846, 309.963077
2.312478, 2.817846, 309.963077
2.314164, 2.817846, 309.963077
2.315903, 2.820395, 310.243460
2.317493, 2.817846, 309.963077
2.319048, 2.817846, 309.963077
2.320723, 2.817846, 309.963077
2.322492, 2.820395, 310.243460
2.324261, 2.820395, 310.243460
2.325829, 2.820395, 310.243460
2.327373, 2.817846, 309.963077
2.329070, 2.817846, 309.963077
2.330639, 2.817846, 309.963077
2.332207, 2.820395, 310.243460
2.333863, 2.817846, 309.963077
2.335465, 2.820395, 310.243460
2.337292, 2.820395, 310.243460
2.339040, 2.817846, 309.963077
2.340648, 2.817846, 309.963077
2.342199, 2.817846, 309.963077
2.344010, 2.817846, 309.963077
2.345609, 2.817846, 309.963077
2.347146, 2.817846, 309.963077
2.348641, 2.817846, 309.963077
2.350173, 2.817846, 309.963077
2.351863, 2.820395, 310.243460
2.353628, 2.817846, 309.963077
2.356013, 2.820395, 310.243460
2.358540, 2.820395, 310.243460
2.360906, 2.817846, 309.963077
2.363125, 2.817846, 309.963077
2.365555, 2.817846, 309.963077
2.367415, 2.817846, 309.963077
2.369008, 2.817846, 309.963077
2.370641, 2.817846, 309.963077
2.372243, 2.817846, 309.963077
2.373996, 2.817846, 309.963077
2.376126, 2.820395, 310.243460
2.378254, 2.817846, 309.963077
2.381150, 2.817846, 309.963077
2.382804, 2.820395, 310.243460
2.384553, 2.817846, 309.963077
2.386175, 2.817846, 309.963077
2.387818, 2.817846, 309.963077
2.389362, 2.817846, 309.963077
2.390858, 2.817846, 309.963077
2.392348, 2.817846, 309.963077
2.394069, 2.817846, 309.963077
2.395738, 2.817846, 309.963077
2.397255, 2.817846, 309.963077
2.398741, 2.817846, 309.963077
2.400252, 2.817846, 309.963077
2.401805, 2.817846, 309.963077
2.403727, 2.817846, 309.963077
2.406021, 2.817846, 309.963077
2.408035, 2.817846, 309.963077
2.409578, 2.817846, 309.963077
2.411084, 2.817846, 309.963077
2.412583, 2.817846, 309.963077
2.414182, 2.817846, 309.963077
2.415869, 2.817846, 309.963077
2.417351, 2.817846, 309.963077
2.418854, 2.817846, 309.963077
2.420436, 2.817846, 309.963077
2.421979, 2.817846, 309.963077
2.423716, 2.817846, 309.963077
2.425287, 2.817846, 309.963077
2.427312, 2.817846, 309.963077
2.428849, 2.817846, 309.963077
2.430533, 2.817846, 309.963077
2.432052, 2.817846, 309.963077
2.433572, 2.817846, 309.963077
2.435078, 2.817846, 309.963077
2.437261, 2.817846, 309.963077
2.439317, 2.817846, 309.963077
