0.469392, 0.016873, 1.855985
0.507629, 0.016873, 1.855985
0.531494, 0.014323, 1.575490
0.546563, 0.016873, 1.855985
0.591912, 0.014323, 1.575490
0.603015, 0.016873, 1.855985
0.605456, 0.016873, 1.855985
0.607372, 0.014323, 1.575490
0.608942, 0.016873, 1.855985
0.610652, 0.014323, 1.575490
0.612252, 0.014323, 1.575490
0.613811, 0.016873, 1.855985
0.615365, 0.014323, 1.575490
0.616922, 0.016873, 1.855985
0.618516, 0.014323, 1.575490
0.620106, 0.014323, 1.575490
0.621855, 0.016873, 1.855985
0.623470, 0.016873, 1.855985
0.625050, 0.016873, 1.855985
0.626594, 0.016873, 1.855985
0.630116, 0.014323, 1.575490
0.631985, 0.016873, 1.855985
0.633682, 0.014323, 1.575490
0.635330, 0.014323, 1.575490
0.637050, 0.014323, 1.575490
0.638660, 0.014323, 1.575490
0.640178, 0.014323, 1.575490
0.641911, 0.016873, 1.855985
0.643474, 0.016873, 1.855985
0.645008, 0.016873, 1.855985
0.646521, 0.016873, 1.855985
0.648032, 0.016873, 1.855985
0.649560, 0.014323, 1.575490
0.651137, 0.014323, 1.575490
0.652871, 0.016873, 1.855985
0.654505, 0.014323, 1.575490
0.656144, 0.014323, 1.575490
0.657677, 0.014323, 1.575490
0.659215, 0.014323, 1.575490
0.660820, 0.014323, 1.575490
0.662520, 0.014323, 1.575490
0.664125, 0.014323, 1.575490
0.665801, 0.014323, 1.575490
0.667479, 0.014323, 1.575490
0.669074, 0.016873, 1.855985
0.670814, 0.016873, 1.855985
0.672608, 0.016873, 1.855985
0.674333, 0.014323, 1.575490
0.675926, 0.014323, 1.575490
0.677446, 0.016873, 1.855985
0.678998, 0.014323, 1.575490
0.680609, 0.014323, 1.575490
0.683688, 0.016873, 1.855985
0.686808, 0.016873, 1.855985
0.688959, 0.016873, 1.855985
0.690624, 0.014323, 1.575490
0.692441, 0.016873, 1.855985
0.693982, 0.014323, 1.575490
0.695516, 0.016873, 1.855985
0.697114, 0.016873, 1.855985
0.698746, 0.016873, 1.855985
0.700475, 0.014323, 1.575490
0.702429, 0.014323, 1.575490
0.704022, 0.016873, 1.855985
0.705764, 0.016873, 1.855985
0.707320, 0.016873, 1.855985
0.708871, 0.014323, 1.575490
0.710412, 0.014323, 1.575490
0.711965, 0.014323, 1.575490
0.713674, 0.014323, 1.575490
0.715386, 0.016873, 1.855985
0.717105, 0.016873, 1.855985
0.718891, 0.014323, 1.575490
0.720491, 0.014323, 1.575490
0.722170, 0.014323, 1.575490
0.723703, 0.014323, 1.575490
0.725237, 0.014323, 1.575490
0.726743, 0.014323, 1.575490
0.728437, 0.014323, 1.575490
0.730042, 0.014323, 1.575490
0.731656, 0.014323, 1.575490
0.733287, 0.016873, 1.855985
0.734915, 0.014323, 1.575490
0.736445, 0.014323, 1.575490
0.738129, 0.014323, 1.575490
0.739694, 0.016873, 1.855985
0.741227, 0.014323, 1.575490
0.742741, 0.014323, 1.575490
0.744262, 0.014323, 1.575490
0.745802, 0.014323, 1.575490
0.747334, 0.014323, 1.575490
0.749081, 0.014323, 1.575490
0.750748, 0.014323, 1.575490
0.752445, 0.016873, 1.855985
0.754016, 0.014323, 1.575490
0.755530, 0.014323, 1.575490
0.757056, 0.016873, 1.855985
0.758795, 0.016873, 1.855985
0.760843, 0.014323, 1.575490
0.764094, 0.016873, 1.855985
0.819191, 0.014323, 1.575490
0.821214, 0.016873, 1.855985
0.823196, 0.014323, 1.575490
0.825129, 0.016873, 1.855985
0.826898, 0.016873, 1.855985
0.828463, 0.016873, 1.855985
0.830108, 0.014323, 1.575490
0.831680, 0.014323, 1.575490
0.833606, 0.014323, 1.575490
0.835228, 0.014323, 1.575490
0.837029, 0.014323, 1.575490
0.838704, 0.014323, 1.575490
0.841953, 0.014323, 1.575490
0.843660, 0.016873, 1.855985
0.845178, 0.014323, 1.575490
0.846700, 0.014323, 1.575490
0.848227, 0.016873, 1.855985
0.849969, 0.014323, 1.575490
0.851888, 0.016873, 1.855985
0.853718, 0.016873, 1.855985
0.855419, 0.014323, 1.575490
0.857100, 0.014323, 1.575490
0.858630, 0.016873, 1.855985
0.860507, 0.014323, 1.575490
0.862143, 0.016873, 1.855985
0.863822, 0.016873, 1.855985
0.865449, 0.014323, 1.575490
0.866985, 0.016873, 1.855985
0.868568, 0.016873, 1.855985
0.870425, 0.014323, 1.575490
0.872158, 0.014323, 1.575490
0.873751, 0.016873, 1.855985
0.875270, 0.014323, 1.575490
0.876789, 0.014323, 1.575490
0.878323, 0.014323, 1.575490
0.879860, 0.016873, 1.855985
0.881754, 0.014323, 1.575490
0.883293, 0.014323, 1.575490
0.884910, 0.014323, 1.575490
0.886668, 0.014323, 1.575490
0.888301, 0.014323, 1.575490
0.889846, 0.016873, 1.855985
0.891594, 0.016873, 1.855985
0.893151, 0.014323, 1.575490
0.894703, 0.014323, 1.575490
0.896260, 0.014323, 1.575490
0.897794, 0.014323, 1.575490
0.899325, 0.014323, 1.575490
0.901146, 0.014323, 1.575490
0.902868, 0.016873, 1.855985
0.904475, 0.014323, 1.575490
0.906008, 0.016873, 1.855985
0.907567, 0.016873, 1.855985
0.909117, 0.014323, 1.575490
0.910728, 0.014323, 1.575490
0.912342, 0.014323, 1.575490
0.913969, 0.014323, 1.575490
0.915663, 0.016873, 1.855985
0.917261, 0.016873, 1.855985
0.918875, 0.014323, 1.575490
0.920525, 0.014323, 1.575490
0.924025, 0.016873, 1.855985
0.925586, 0.016873, 1.855985
0.927116, 0.016873, 1.855985
0.928628, 0.016873, 1.855985
0.930262, 0.016873, 1.855985
0.932624, 0.016873, 1.855985
0.934898, 0.014323, 1.575490
0.936625, 0.014323, 1.575490
0.938326, 0.016873, 1.855985
0.940111, 0.014323, 1.575490
0.942108, 0.014323, 1.575490
0.943892, 0.016873, 1.855985
0.945587, 0.016873, 1.855985
0.947252, 0.016873, 1.855985
0.948896, 0.016873, 1.855985
0.950572, 0.016873, 1.855985
0.952272, 0.016873, 1.855985
0.953942, 0.014323, 1.575490
0.955575, 0.014323, 1.575490
0.957199, 0.014323, 1.575490
0.958830, 0.016873, 1.855985
0.960485, 0.016873, 1.855985
0.962149, 0.014323, 1.575490
0.963817, 0.014323, 1.575490
0.965473, 0.016873, 1.855985
0.967176, 0.014323, 1.575490
0.968886, 0.014323, 1.575490
0.970668, 0.016873, 1.855985
0.972330, 0.014323, 1.575490
0.974130, 0.014323, 1.575490
0.975798, 0.014323, 1.575490
0.977343, 0.014323, 1.575490
0.979025, 0.014323, 1.575490
0.980706, 0.016873, 1.855985
0.982265, 0.016873, 1.855985
0.984161, 0.014323, 1.575490
0.985759, 0.016873, 1.855985
0.987441, 0.014323, 1.575490
0.989599, 0.016873, 1.855985
0.992678, 0.016873, 1.855985
0.994551, 0.016873, 1.855985
0.996295, 0.014323, 1.575490
0.998436, 0.014323, 1.575490
1.000300, 0.016873, 1.855985
1.002157, 0.016873, 1.855985
1.004101, 0.014323, 1.575490
1.005837, 0.014323, 1.575490
1.007531, 0.014323, 1.575490
1.009218, 0.016873, 1.855985
1.010906, 0.016873, 1.855985
1.012648, 0.016873, 1.855985
1.014371, 0.014323, 1.575490
1.016069, 0.016873, 1.855985
1.017943, 0.014323, 1.575490
1.019710, 0.016873, 1.855985
1.021420, 0.014323, 1.575490
1.023084, 0.014323, 1.575490
1.024719, 0.016873, 1.855985
1.026406, 0.016873, 1.855985
1.028053, 0.016873, 1.855985
1.029711, 0.014323, 1.575490
1.031334, 0.016873, 1.855985
1.032987, 0.016873, 1.855985
1.034726, 0.014323, 1.575490
1.036493, 0.014323, 1.575490
1.038244, 0.016873, 1.855985
1.039870, 0.014323, 1.575490
1.041579, 0.014323, 1.575490
1.043116, 0.016873, 1.855985
1.044650, 0.016873, 1.855985
1.046193, 0.014323, 1.575490
1.047812, 0.016873, 1.855985
1.049388, 0.016873, 1.855985
1.050962, 0.016873, 1.855985
1.052528, 0.014323, 1.575490
1.054074, 0.016873, 1.855985
1.055635, 0.014323, 1.575490
1.057199, 0.016873, 1.855985
1.059074, 0.014323, 1.575490
1.060737, 0.014323, 1.575490
1.062427, 0.014323, 1.575490
1.063988, 0.014323, 1.575490
1.065537, 0.016873, 1.855985
1.067123, 0.014323, 1.575490
1.068829, 0.014323, 1.575490
1.070551, 0.014323, 1.575490
1.072223, 0.014323, 1.575490
1.073791, 0.016873, 1.855985
1.075416, 0.014323, 1.575490
1.077000, 0.016873, 1.855985
1.078835, 0.014323, 1.575490
1.081018, 0.016873, 1.855985
1.083610, 0.014323, 1.575490
1.085871, 0.016873, 1.855985
1.088258, 0.016873, 1.855985
1.090546, 0.014323, 1.575490
1.092831, 0.014323, 1.575490
1.095125, 0.016873, 1.855985
1.097415, 0.016873, 1.855985
1.099989, 0.016873, 1.855985
1.104023, 0.014323, 1.575490
1.106204, 0.014323, 1.575490
1.108101, 0.014323, 1.575490
1.111956, 0.016873, 1.855985
1.115339, 0.016873, 1.855985
1.119563, 0.014323, 1.575490
1.122416, 0.014323, 1.575490
1.124534, 0.016873, 1.855985
1.126475, 0.014323, 1.575490
1.128568, 0.014323, 1.575490
1.130597, 0.014323, 1.575490
1.132383, 0.014323, 1.575490
1.134170, 0.014323, 1.575490
1.135963, 0.014323, 1.575490
1.137976, 0.014323, 1.575490
1.139974, 0.016873, 1.855985
1.141769, 0.016873, 1.855985
1.143534, 0.016873, 1.855985
1.145261, 0.016873, 1.855985
1.146968, 0.016873, 1.855985
1.148652, 0.014323, 1.575490
1.150894, 0.016873, 1.855985
1.153258, 0.016873, 1.855985
1.155068, 0.014323, 1.575490
1.156801, 0.016873, 1.855985
1.158512, 0.016873, 1.855985
1.160606, 0.014323, 1.575490
1.162510, 0.014323, 1.575490
1.164266, 0.016873, 1.855985
1.166064, 0.016873, 1.855985
1.167880, 0.016873, 1.855985
1.169896, 0.014323, 1.575490
1.171695, 0.016873, 1.855985
1.173307, 0.016873, 1.855985
1.174886, 0.016873, 1.855985
1.176474, 0.014323, 1.575490
1.178063, 0.016873, 1.855985
1.179629, 0.014323, 1.575490
1.181245, 0.016873, 1.855985
1.184508, 0.016873, 1.855985
1.186338, 0.016873, 1.855985
1.187996, 0.014323, 1.575490
1.189642, 0.016873, 1.855985
1.191347, 0.014323, 1.575490
1.192907, 0.014323, 1.575490
1.194468, 0.016873, 1.855985
1.196033, 0.014323, 1.575490
1.197587, 0.016873, 1.855985
1.199142, 0.014323, 1.575490
1.200967, 0.016873, 1.855985
1.202725, 0.014323, 1.575490
1.204491, 0.014323, 1.575490
1.206068, 0.014323, 1.575490
1.207642, 0.016873, 1.855985
1.209202, 0.016873, 1.855985
1.211736, 0.016873, 1.855985
1.213520, 0.014323, 1.575490
1.215256, 0.014323, 1.575490
1.217023, 0.014323, 1.575490
1.218625, 0.016873, 1.855985
1.220380, 0.014323, 1.575490
1.222957, 0.014323, 1.575490
1.225043, 0.016873, 1.855985
1.227112, 0.014323, 1.575490
1.228959, 0.014323, 1.575490
1.230629, 0.016873, 1.855985
1.232174, 0.016873, 1.855985
1.233757, 0.016873, 1.855985
1.235547, 0.016873, 1.855985
1.237176, 0.014323, 1.575490
1.238857, 0.014323, 1.575490
1.240753, 0.014323, 1.575490
1.242458, 0.014323, 1.575490
1.244119, 0.016873, 1.855985
1.245828, 0.016873, 1.855985
1.247599, 0.016873, 1.855985
1.249373, 0.014323, 1.575490
1.251335, 0.016873, 1.855985
1.253233, 0.014323, 1.575490
1.255052, 0.016873, 1.855985
1.256888, 0.014323, 1.575490
1.258756, 0.016873, 1.855985
1.260590, 0.016873, 1.855985
1.262429, 0.014323, 1.575490
1.264246, 0.016873, 1.855985
1.266128, 0.016873, 1.855985
1.267988, 0.016873, 1.855985
1.269813, 0.014323, 1.575490
1.271616, 0.014323, 1.575490
1.273437, 0.014323, 1.575490
1.275250, 0.014323, 1.575490
1.277111, 0.014323, 1.575490
1.278963, 0.014323, 1.575490
1.280787, 0.016873, 1.855985
1.282614, 0.016873, 1.855985
1.284551, 0.016873, 1.855985
1.286433, 0.014323, 1.575490
1.288328, 0.016873, 1.855985
1.290184, 0.014323, 1.575490
1.292008, 0.014323, 1.575490
1.293861, 0.014323, 1.575490
1.295672, 0.014323, 1.575490
1.297496, 0.014323, 1.575490
1.299392, 0.014323, 1.575490
1.301290, 0.014323, 1.575490
1.303134, 0.014323, 1.575490
1.304910, 0.016873, 1.855985
1.306702, 0.014323, 1.575490
1.308650, 0.014323, 1.575490
1.310569, 0.014323, 1.575490
1.312405, 0.016873, 1.855985
1.314218, 0.016873, 1.855985
1.316045, 0.014323, 1.575490
1.317882, 0.016873, 1.855985
1.319777, 0.016873, 1.855985
1.321663, 0.016873, 1.855985
1.323498, 0.016873, 1.855985
1.325273, 0.014323, 1.575490
1.327131, 0.014323, 1.575490
1.328979, 0.016873, 1.855985
1.330846, 0.016873, 1.855985
1.332657, 0.014323, 1.575490
1.334514, 0.016873, 1.855985
1.336344, 0.016873, 1.855985
1.338145, 0.016873, 1.855985
1.340048, 0.014323, 1.575490
1.341792, 0.016873, 1.855985
1.343565, 0.014323, 1.575490
1.345329, 0.014323, 1.575490
1.346827, 0.014323, 1.575490
1.348331, 0.016873, 1.855985
1.349945, 0.016873, 1.855985
1.351525, 0.016873, 1.855985
1.353177, 0.014323, 1.575490
1.354939, 0.014323, 1.575490
1.356468, 0.014323, 1.575490
1.357993, 0.014323, 1.575490
1.359579, 0.014323, 1.575490
1.361147, 0.014323, 1.575490
1.366557, 0.016873, 1.855985
1.368378, 0.016873, 1.855985
1.370277, 0.014323, 1.575490
1.371994, 0.014323, 1.575490
1.373548, 0.014323, 1.575490
1.375080, 0.014323, 1.575490
1.376617, 0.014323, 1.575490
1.378170, 0.014323, 1.575490
1.379742, 0.014323, 1.575490
1.381306, 0.014323, 1.575490
1.382830, 0.014323, 1.575490
1.384421, 0.014323, 1.575490
1.385994, 0.014323, 1.575490
1.387545, 0.014323, 1.575490
1.389058, 0.014323, 1.575490
1.390667, 0.014323, 1.575490
1.392337, 0.014323, 1.575490
1.394072, 0.014323, 1.575490
1.395731, 0.016873, 1.855985
1.397357, 0.016873, 1.855985
1.399032, 0.014323, 1.575490
1.400925, 0.014323, 1.575490
1.402834, 0.014323, 1.575490
1.404688, 0.016873, 1.855985
1.406460, 0.016873, 1.855985
1.408356, 0.016873, 1.855985
1.410167, 0.016873, 1.855985
1.411793, 0.014323, 1.575490
1.413897, 0.014323, 1.575490
1.415869, 0.016873, 1.855985
1.417801, 0.014323, 1.575490
1.419694, 0.016873, 1.855985
1.421499, 0.014323, 1.575490
1.423068, 0.014323, 1.575490
1.424634, 0.014323, 1.575490
1.426196, 0.016873, 1.855985
1.427754, 0.014323, 1.575490
1.429299, 0.014323, 1.575490
1.430899, 0.016873, 1.855985
1.432509, 0.016873, 1.855985
1.434461, 0.016873, 1.855985
1.436065, 0.016873, 1.855985
1.437624, 0.014323, 1.575490
1.439172, 0.016873, 1.855985
1.440733, 0.016873, 1.855985
1.442473, 0.016873, 1.855985
1.444337, 0.014323, 1.575490
1.446094, 0.014323, 1.575490
1.447621, 0.016873, 1.855985
1.449141, 0.014323, 1.575490
1.450713, 0.016873, 1.855985
1.452451, 0.016873, 1.855985
1.454220, 0.016873, 1.855985
1.455993, 0.016873, 1.855985
1.457569, 0.014323, 1.575490
1.459121, 0.014323, 1.575490
1.460670, 0.014323, 1.575490
1.462284, 0.016873, 1.855985
1.463971, 0.016873, 1.855985
1.465771, 0.016873, 1.855985
1.467410, 0.014323, 1.575490
1.469122, 0.014323, 1.575490
1.470947, 0.014323, 1.575490
1.473837, 0.016873, 1.855985
1.475666, 0.014323, 1.575490
1.477176, 0.014323, 1.575490
1.478703, 0.014323, 1.575490
1.480221, 0.016873, 1.855985
1.481736, 0.014323, 1.575490
1.483458, 0.016873, 1.855985
1.485063, 0.016873, 1.855985
1.486586, 0.016873, 1.855985
1.488103, 0.014323, 1.575490
1.489626, 0.016873, 1.855985
1.491123, 0.016873, 1.855985
1.492749, 0.014323, 1.575490
1.494312, 0.014323, 1.575490
1.495841, 0.014323, 1.575490
1.497385, 0.016873, 1.855985
1.499103, 0.016873, 1.855985
1.500904, 0.014323, 1.575490
1.502803, 0.016873, 1.855985
1.504390, 0.016873, 1.855985
1.505936, 0.016873, 1.855985
1.507482, 0.016873, 1.855985
1.509015, 0.014323, 1.575490
1.510563, 0.014323, 1.575490
1.512093, 0.014323, 1.575490
1.513783, 0.014323, 1.575490
1.515336, 0.014323, 1.575490
1.516885, 0.016873, 1.855985
1.518516, 0.016873, 1.855985
1.520277, 0.016873, 1.855985
1.521870, 0.016873, 1.855985
1.524253, 0.014323, 1.575490
1.525934, 0.014323, 1.575490
1.527685, 0.016873, 1.855985
1.529550, 0.016873, 1.855985
1.531618, 0.014323, 1.575490
1.534625, 0.014323, 1.575490
1.551719, 0.016873, 1.855985
1.554271, 0.014323, 1.575490
1.556292, 0.014323, 1.575490
1.558070, 0.016873, 1.855985
1.559854, 0.014323, 1.575490
1.561821, 0.016873, 1.855985
1.563773, 0.014323, 1.575490
1.565705, 0.016873, 1.855985
1.567578, 0.014323, 1.575490
1.569442, 0.016873, 1.855985
1.571271, 0.014323, 1.575490
1.573079, 0.016873, 1.855985
1.575111, 0.016873, 1.855985
1.577410, 0.016873, 1.855985
1.579444, 0.014323, 1.575490
1.581326, 0.016873, 1.855985
1.583182, 0.016873, 1.855985
1.586117, 0.014323, 1.575490
1.588340, 0.014323, 1.575490
1.591207, 0.016873, 1.855985
1.593266, 0.016873, 1.855985
1.595223, 0.016873, 1.855985
1.597185, 0.016873, 1.855985
1.599095, 0.016873, 1.855985
1.601838, 0.014323, 1.575490
1.603848, 0.016873, 1.855985
1.605695, 0.016873, 1.855985
1.607508, 0.014323, 1.575490
1.609271, 0.014323, 1.575490
1.611061, 0.014323, 1.575490
1.612867, 0.014323, 1.575490
1.614649, 0.016873, 1.855985
1.616387, 0.014323, 1.575490
1.618481, 0.016873, 1.855985
1.620537, 0.014323, 1.575490
1.622424, 0.016873, 1.855985
1.624248, 0.014323, 1.575490
1.626074, 0.016873, 1.855985
1.628194, 0.014323, 1.575490
1.630150, 0.014323, 1.575490
1.632046, 0.014323, 1.575490
1.633965, 0.014323, 1.575490
1.635945, 0.016873, 1.855985
1.637826, 0.014323, 1.575490
1.639687, 0.016873, 1.855985
1.641505, 0.016873, 1.855985
1.643328, 0.016873, 1.855985
1.645174, 0.016873, 1.855985
1.647018, 0.016873, 1.855985
1.648936, 0.014323, 1.575490
1.650698, 0.014323, 1.575490
1.652558, 0.014323, 1.575490
1.654363, 0.014323, 1.575490
1.656165, 0.014323, 1.575490
1.657992, 0.014323, 1.575490
1.659839, 0.014323, 1.575490
1.661684, 0.016873, 1.855985
1.663489, 0.014323, 1.575490
1.665286, 0.016873, 1.855985
1.667109, 0.014323, 1.575490
1.669280, 0.014323, 1.575490
1.671177, 0.016873, 1.855985
1.673012, 0.016873, 1.855985
1.674833, 0.016873, 1.855985
1.676713, 0.016873, 1.855985
1.678671, 0.014323, 1.575490
1.680509, 0.016873, 1.855985
1.682342, 0.016873, 1.855985
1.684222, 0.016873, 1.855985
1.686090, 0.014323, 1.575490
1.688030, 0.014323, 1.575490
1.689904, 0.014323, 1.575490
1.691756, 0.014323, 1.575490
1.693579, 0.014323, 1.575490
1.695414, 0.014323, 1.575490
1.697250, 0.016873, 1.855985
1.699103, 0.016873, 1.855985
1.700949, 0.016873, 1.855985
1.702786, 0.014323, 1.575490
1.704620, 0.014323, 1.575490
1.706488, 0.014323, 1.575490
1.708482, 0.016873, 1.855985
1.710429, 0.014323, 1.575490
1.712332, 0.014323, 1.575490
1.714173, 0.014323, 1.575490
1.716021, 0.014323, 1.575490
1.718063, 0.014323, 1.575490
1.720053, 0.014323, 1.575490
1.721979, 0.016873, 1.855985
1.723774, 0.014323, 1.575490
1.725582, 0.016873, 1.855985
1.727359, 0.014323, 1.575490
1.729276, 0.014323, 1.575490
1.731065, 0.014323, 1.575490
1.732846, 0.014323, 1.575490
1.734604, 0.016873, 1.855985
1.736429, 0.014323, 1.575490
1.738305, 0.016873, 1.855985
1.740140, 0.014323, 1.575490
1.741946, 0.014323, 1.575490
1.744337, 0.014323, 1.575490
1.746177, 0.014323, 1.575490
1.748001, 0.014323, 1.575490
1.750227, 0.014323, 1.575490
1.752275, 0.016873, 1.855985
1.754181, 0.014323, 1.575490
1.755998, 0.014323, 1.575490
1.757775, 0.016873, 1.855985
1.759551, 0.016873, 1.855985
1.761335, 0.016873, 1.855985
1.763132, 0.016873, 1.855985
1.764968, 0.014323, 1.575490
1.766749, 0.016873, 1.855985
1.768743, 0.016873, 1.855985
1.770623, 0.014323, 1.575490
1.772409, 0.016873, 1.855985
1.774191, 0.014323, 1.575490
1.775999, 0.016873, 1.855985
1.777780, 0.014323, 1.575490
1.779634, 0.014323, 1.575490
1.781497, 0.016873, 1.855985
1.783256, 0.016873, 1.855985
1.785024, 0.016873, 1.855985
1.786792, 0.014323, 1.575490
1.788603, 0.014323, 1.575490
1.790443, 0.016873, 1.855985
1.792221, 0.014323, 1.575490
1.794131, 0.016873, 1.855985
1.796008, 0.016873, 1.855985
1.797912, 0.014323, 1.575490
1.799821, 0.016873, 1.855985
1.801855, 0.016873, 1.855985
1.803780, 0.016873, 1.855985
1.805752, 0.014323, 1.575490
1.807677, 0.016873, 1.855985
1.809598, 0.014323, 1.575490
1.811479, 0.016873, 1.855985
1.813282, 0.016873, 1.855985
1.815219, 0.016873, 1.855985
1.817125, 0.016873, 1.855985
1.819074, 0.016873, 1.855985
1.820959, 0.014323, 1.575490
1.822762, 0.016873, 1.855985
1.824645, 0.014323, 1.575490
1.826504, 0.016873, 1.855985
1.828302, 0.014323, 1.575490
1.830104, 0.016873, 1.855985
1.831902, 0.014323, 1.575490
1.833713, 0.014323, 1.575490
1.835736, 0.014323, 1.575490
1.837565, 0.014323, 1.575490
1.839325, 0.014323, 1.575490
1.841140, 0.014323, 1.575490
1.843782, 0.014323, 1.575490
1.846204, 0.014323, 1.575490
1.848124, 0.014323, 1.575490
1.850052, 0.014323, 1.575490
1.851988, 0.016873, 1.855985
1.853905, 0.014323, 1.575490
1.855867, 0.014323, 1.575490
1.857773, 0.014323, 1.575490
1.859754, 0.014323, 1.575490
1.861634, 0.016873, 1.855985
1.863538, 0.016873, 1.855985
1.865601, 0.016873, 1.855985
1.867720, 0.016873, 1.855985
1.869751, 0.014323, 1.575490
1.871670, 0.014323, 1.575490
1.873544, 0.016873, 1.855985
1.875502, 0.014323, 1.575490
1.877500, 0.016873, 1.855985
1.879739, 0.014323, 1.575490
1.881883, 0.014323, 1.575490
1.884032, 0.014323, 1.575490
1.886509, 0.014323, 1.575490
1.889841, 0.014323, 1.575490
1.892990, 0.014323, 1.575490
1.895902, 0.014323, 1.575490
1.898542, 0.014323, 1.575490
1.900998, 0.016873, 1.855985
1.903553, 0.016873, 1.855985
1.906174, 0.016873, 1.855985
1.908702, 0.016873, 1.855985
1.911268, 0.014323, 1.575490
1.913883, 0.014323, 1.575490
1.916778, 0.014323, 1.575490
1.919557, 0.014323, 1.575490
1.922028, 0.016873, 1.855985
1.924347, 0.014323, 1.575490
1.926669, 0.014323, 1.575490
1.929012, 0.016873, 1.855985
1.931438, 0.014323, 1.575490
1.933868, 0.014323, 1.575490
1.936442, 0.014323, 1.575490
1.938693, 0.014323, 1.575490
1.940871, 0.014323, 1.575490
1.942951, 0.014323, 1.575490
1.944962, 0.014323, 1.575490
1.947008, 0.016873, 1.855985
1.949021, 0.016873, 1.855985
1.951887, 0.014323, 1.575490
1.953972, 0.016873, 1.855985
1.955963, 0.016873, 1.855985
1.958041, 0.016873, 1.855985
1.960030, 0.014323, 1.575490
1.962025, 0.014323, 1.575490
1.963912, 0.016873, 1.855985
1.965821, 0.014323, 1.575490
1.967822, 0.016873, 1.855985
1.969898, 0.014323, 1.575490
1.971839, 0.014323, 1.575490
1.973729, 0.014323, 1.575490
1.975554, 0.014323, 1.575490
1.977491, 0.016873, 1.855985
1.979438, 0.016873, 1.855985
1.981306, 0.014323, 1.575490
1.983168, 0.016873, 1.855985
1.985133, 0.016873, 1.855985
1.987032, 0.014323, 1.575490
1.988955, 0.014323, 1.575490
1.990851, 0.014323, 1.575490
1.992660, 0.014323, 1.575490
1.994460, 0.016873, 1.855985
1.996248, 0.016873, 1.855985
1.998437, 0.014323, 1.575490
2.001084, 0.016873, 1.855985
2.003778, 0.014323, 1.575490
2.005971, 0.014323, 1.575490
2.008402, 0.016873, 1.855985
2.011150, 0.014323, 1.575490
2.013513, 0.014323, 1.575490
2.015802, 0.016873, 1.855985
2.018341, 0.016873, 1.855985
2.020775, 0.016873, 1.855985
2.023077, 0.016873, 1.855985
2.025231, 0.016873, 1.855985
2.027227, 0.016873, 1.855985
2.029256, 0.014323, 1.575490
2.031235, 0.016873, 1.855985
2.033188, 0.016873, 1.855985
2.035271, 0.016873, 1.855985
2.037240, 0.016873, 1.855985
2.039838, 0.016873, 1.855985
2.042477, 0.016873, 1.855985
2.045106, 0.016873, 1.855985
2.047692, 0.014323, 1.575490
2.050336, 0.016873, 1.855985
2.053021, 0.016873, 1.855985
2.055673, 0.016873, 1.855985
2.058193, 0.014323, 1.575490
2.060983, 0.014323, 1.575490
2.063575, 0.016873, 1.855985
2.066091, 0.014323, 1.575490
2.068398, 0.014323, 1.575490
2.070345, 0.014323, 1.575490
2.072126, 0.014323, 1.575490
2.073895, 0.016873, 1.855985
2.075669, 0.016873, 1.855985
2.077417, 0.014323, 1.575490
2.079148, 0.016873, 1.855985
2.080912, 0.014323, 1.575490
2.082662, 0.016873, 1.855985
2.084427, 0.014323, 1.575490
2.086270, 0.016873, 1.855985
2.088047, 0.016873, 1.855985
2.089872, 0.016873, 1.855985
2.091708, 0.016873, 1.855985
2.093529, 0.014323, 1.575490
2.095279, 0.014323, 1.575490
2.097047, 0.014323, 1.575490
2.098906, 0.016873, 1.855985
2.101131, 0.016873, 1.855985
2.103111, 0.014323, 1.575490
2.105013, 0.014323, 1.575490
2.106837, 0.014323, 1.575490
2.108671, 0.014323, 1.575490
2.110559, 0.016873, 1.855985
2.112352, 0.016873, 1.855985
2.114122, 0.016873, 1.855985
2.115886, 0.014323, 1.575490
2.117705, 0.014323, 1.575490
2.119719, 0.016873, 1.855985
2.121545, 0.014323, 1.575490
2.123358, 0.014323, 1.575490
2.125109, 0.016873, 1.855985
2.126907, 0.014323, 1.575490
2.128691, 0.014323, 1.575490
2.130645, 0.016873, 1.855985
2.132519, 0.014323, 1.575490
2.134427, 0.016873, 1.855985
2.136302, 0.014323, 1.575490
2.138112, 0.014323, 1.575490
2.139983, 0.016873, 1.855985
2.141814, 0.016873, 1.855985
2.143612, 0.014323, 1.575490
2.145358, 0.014323, 1.575490
2.147135, 0.014323, 1.575490
2.148924, 0.014323, 1.575490
2.150990, 0.016873, 1.855985
2.152952, 0.016873, 1.855985
2.155881, 0.014323, 1.575490
2.157700, 0.014323, 1.575490
2.159476, 0.016873, 1.855985
2.161312, 0.014323, 1.575490
2.163097, 0.014323, 1.575490
2.164874, 0.016873, 1.855985
2.166672, 0.016873, 1.855985
2.168494, 0.014323, 1.575490
2.170288, 0.016873, 1.855985
2.172183, 0.016873, 1.855985
2.173990, 0.014323, 1.575490
2.175743, 0.014323, 1.575490
2.177483, 0.016873, 1.855985
2.179254, 0.016873, 1.855985
2.181146, 0.014323, 1.575490
2.183073, 0.016873, 1.855985
2.185094, 0.014323, 1.575490
2.187055, 0.014323, 1.575490
2.189054, 0.014323, 1.575490
2.191058, 0.016873, 1.855985
2.193122, 0.014323, 1.575490
2.195129, 0.016873, 1.855985
2.197093, 0.016873, 1.855985
2.199010, 0.016873, 1.855985
2.201087, 0.014323, 1.575490
2.203108, 0.016873, 1.855985
2.205039, 0.014323, 1.575490
2.206906, 0.014323, 1.575490
2.208781, 0.014323, 1.575490
2.210661, 0.014323, 1.575490
2.212595, 0.016873, 1.855985
2.214500, 0.014323, 1.575490
2.216389, 0.016873, 1.855985
2.218469, 0.016873, 1.855985
2.220378, 0.016873, 1.855985
2.222200, 0.014323, 1.575490
2.224093, 0.014323, 1.575490
2.225928, 0.014323, 1.575490
2.227851, 0.014323, 1.575490
2.229684, 0.014323, 1.575490
2.231525, 0.014323, 1.575490
2.233318, 0.014323, 1.575490
2.235183, 0.014323, 1.575490
2.237142, 0.016873, 1.855985
2.239106, 0.016873, 1.855985
2.240944, 0.016873, 1.855985
2.242769, 0.016873, 1.855985
2.244611, 0.016873, 1.855985
2.246466, 0.014323, 1.575490
2.248358, 0.014323, 1.575490
2.250295, 0.016873, 1.855985
2.252222, 0.014323, 1.575490
2.254079, 0.014323, 1.575490
2.255895, 0.014323, 1.575490
2.257726, 0.016873, 1.855985
2.259584, 0.016873, 1.855985
2.261541, 0.016873, 1.855985
2.263558, 0.016873, 1.855985
2.266588, 0.016873, 1.855985
2.269899, 0.016873, 1.855985
2.273115, 0.014323, 1.575490
2.275883, 0.014323, 1.575490
2.278722, 0.016873, 1.855985
2.282603, 0.014323, 1.575490
2.286123, 0.014323, 1.575490
2.289333, 0.016873, 1.855985
2.292324, 0.016873, 1.855985
2.295038, 0.016873, 1.855985
2.297628, 0.016873, 1.855985
2.300258, 0.016873, 1.855985
2.303027, 0.016873, 1.855985
2.305357, 0.016873, 1.855985
2.307580, 0.014323, 1.575490
2.309779, 0.014323, 1.575490
2.311937, 0.014323, 1.575490
2.314137, 0.016873, 1.855985
2.316580, 0.014323, 1.575490
2.320082, 0.016873, 1.855985
2.323267, 0.014323, 1.575490
2.326268, 0.014323, 1.575490
2.329202, 0.016873, 1.855985
2.331644, 0.014323, 1.575490
2.334106, 0.014323, 1.575490
2.336423, 0.014323, 1.575490
2.338748, 0.016873, 1.855985
2.341015, 0.016873, 1.855985
2.343280, 0.016873, 1.855985
2.345534, 0.016873, 1.855985
2.347551, 0.016873, 1.855985
2.349482, 0.014323, 1.575490
2.351278, 0.014323, 1.575490
2.353133, 0.014323, 1.575490
2.355113, 0.016873, 1.855985
2.357000, 0.014323, 1.575490
2.358777, 0.014323, 1.575490
2.360627, 0.014323, 1.575490
2.362459, 0.014323, 1.575490
2.364054, 0.014323, 1.575490
2.365654, 0.014323, 1.575490
2.367240, 0.014323, 1.575490
2.369546, 0.016873, 1.855985
2.371176, 0.014323, 1.575490
2.372947, 0.016873, 1.855985
2.374818, 0.014323, 1.575490
2.376457, 0.014323, 1.575490
2.378160, 0.016873, 1.855985
2.379819, 0.016873, 1.855985
2.381587, 0.014323, 1.575490
2.383539, 0.016873, 1.855985
2.385210, 0.016873, 1.855985
2.386812, 0.014323, 1.575490
2.388593, 0.016873, 1.855985
2.390443, 0.016873, 1.855985
2.392014, 0.014323, 1.575490
2.393600, 0.016873, 1.855985
2.395202, 0.016873, 1.855985
2.397083, 0.014323, 1.575490
2.398778, 0.014323, 1.575490
2.400348, 0.014323, 1.575490
2.401953, 0.014323, 1.575490
2.403531, 0.016873, 1.855985
2.405270, 0.016873, 1.855985
2.407021, 0.016873, 1.855985
2.408692, 0.014323, 1.575490
2.410245, 0.014323, 1.575490
2.411767, 0.014323, 1.575490
2.413397, 0.014323, 1.575490
2.414943, 0.014323, 1.575490
2.416578, 0.014323, 1.575490
2.418656, 0.016873, 1.855985
2.420647, 0.014323, 1.575490
2.422988, 0.014323, 1.575490
2.424706, 0.016873, 1.855985
2.426504, 0.014323, 1.575490
2.428394, 0.014323, 1.575490
2.430081, 0.014323, 1.575490
2.431841, 0.016873, 1.855985
2.433528, 0.014323, 1.575490
2.435375, 0.016873, 1.855985
2.436982, 0.014323, 1.575490
2.438936, 0.014323, 1.575490
2.440601, 0.016873, 1.855985
2.442477, 0.014323, 1.575490
2.444170, 0.016873, 1.855985
2.445887, 0.016873, 1.855985
2.447630, 0.014323, 1.575490
2.449404, 0.014323, 1.575490
2.451020, 0.014323, 1.575490
2.452810, 0.016873, 1.855985
2.454466, 0.016873, 1.855985
2.455967, 0.016873, 1.855985
2.457500, 0.016873, 1.855985
2.460141, 0.016873, 1.855985
2.461905, 0.016873, 1.855985
2.463600, 0.016873, 1.855985
2.465114, 0.014323, 1.575490
2.466610, 0.016873, 1.855985
2.468162, 0.014323, 1.575490
2.469735, 0.014323, 1.575490
2.471239, 0.016873, 1.855985
2.472821, 0.016873, 1.855985
2.474454, 0.016873, 1.855985
2.475922, 0.016873, 1.855985
2.477399, 0.014323, 1.575490
2.478937, 0.016873, 1.855985
2.480480, 0.014323, 1.575490
2.482156, 0.016873, 1.855985
2.483669, 0.014323, 1.575490
2.485221, 0.016873, 1.855985
2.486750, 0.016873, 1.855985
2.488275, 0.014323, 1.575490
2.489826, 0.016873, 1.855985
2.491483, 0.014323, 1.575490
2.493113, 0.014323, 1.575490
2.494631, 0.016873, 1.855985
2.496129, 0.014323, 1.575490
2.497652, 0.016873, 1.855985
2.499177, 0.014323, 1.575490
2.500758, 0.016873, 1.855985
2.502339, 0.016873, 1.855985
2.504017, 0.016873, 1.855985
2.505543, 0.016873, 1.855985
2.507064, 0.016873, 1.855985
2.508606, 0.014323, 1.575490
2.510224, 0.016873, 1.855985
2.511743, 0.014323, 1.575490
2.513456, 0.016873, 1.855985
2.515244, 0.016873, 1.855985
2.516959, 0.014323, 1.575490
2.518866, 0.016873, 1.855985
2.520890, 0.016873, 1.855985
2.522723, 0.016873, 1.855985
2.524545, 0.016873, 1.855985
2.526413, 0.016873, 1.855985
2.528338, 0.016873, 1.855985
2.530371, 0.014323, 1.575490
2.532353, 0.014323, 1.575490
2.534265, 0.014323, 1.575490
2.536557, 0.014323, 1.575490
2.539218, 0.014323, 1.575490
2.542818, 0.014323, 1.575490
2.545182, 0.014323, 1.575490
2.547215, 0.016873, 1.855985
2.550819, 0.016873, 1.855985
2.553967, 0.014323, 1.575490
2.556354, 0.016873, 1.855985
2.558431, 0.014323, 1.575490
2.560644, 0.016873, 1.855985
2.562740, 0.016873, 1.855985
2.564760, 0.016873, 1.855985
2.566816, 0.016873, 1.855985
2.568968, 0.014323, 1.575490
2.571210, 0.016873, 1.855985
2.573303, 0.014323, 1.575490
2.575195, 0.014323, 1.575490
2.577093, 0.016873, 1.855985
2.578982, 0.014323, 1.575490
2.581195, 0.014323, 1.575490
2.584759, 0.016873, 1.855985
2.587814, 0.014323, 1.575490
2.590691, 0.016873, 1.855985
2.592754, 0.016873, 1.855985
2.594658, 0.014323, 1.575490
2.596574, 0.016873, 1.855985
2.598499, 0.016873, 1.855985
2.600437, 0.014323, 1.575490
2.602565, 0.014323, 1.575490
2.604605, 0.016873, 1.855985
2.606577, 0.016873, 1.855985
2.608571, 0.014323, 1.575490
2.610530, 0.016873, 1.855985
2.612741, 0.016873, 1.855985
2.614577, 0.016873, 1.855985
2.616364, 0.016873, 1.855985
2.618143, 0.014323, 1.575490
2.620132, 0.016873, 1.855985
2.622191, 0.014323, 1.575490
2.624016, 0.014323, 1.575490
2.625767, 0.014323, 1.575490
2.627675, 0.014323, 1.575490
2.629455, 0.014323, 1.575490
2.631361, 0.016873, 1.855985
2.633152, 0.014323, 1.575490
2.635125, 0.016873, 1.855985
2.636971, 0.016873, 1.855985
2.638755, 0.016873, 1.855985
2.640452, 0.014323, 1.575490
2.642386, 0.014323, 1.575490
2.644098, 0.016873, 1.855985
2.645823, 0.014323, 1.575490
2.647566, 0.016873, 1.855985
2.649492, 0.014323, 1.575490
2.652066, 0.014323, 1.575490
2.654243, 0.014323, 1.575490
2.656193, 0.016873, 1.855985
2.658088, 0.016873, 1.855985
2.660043, 0.016873, 1.855985
2.661995, 0.014323, 1.575490
2.663952, 0.016873, 1.855985
2.665944, 0.016873, 1.855985
2.667965, 0.014323, 1.575490
2.670036, 0.016873, 1.855985
2.672058, 0.016873, 1.855985
2.673986, 0.014323, 1.575490
2.675947, 0.014323, 1.575490
2.677840, 0.014323, 1.575490
2.679740, 0.014323, 1.575490
2.681653, 0.014323, 1.575490
2.683647, 0.016873, 1.855985
2.685734, 0.014323, 1.575490
2.687791, 0.016873, 1.855985
2.689745, 0.014323, 1.575490
2.691676, 0.016873, 1.855985
2.694307, 0.016873, 1.855985
2.696412, 0.014323, 1.575490
2.698444, 0.014323, 1.575490
2.700273, 0.016873, 1.855985
2.702564, 0.016873, 1.855985
2.704568, 0.014323, 1.575490
2.706530, 0.014323, 1.575490
2.708338, 0.016873, 1.855985
2.710122, 0.014323, 1.575490
2.711921, 0.014323, 1.575490
2.714920, 0.014323, 1.575490
2.717563, 0.014323, 1.575490
2.719976, 0.014323, 1.575490
2.722049, 0.014323, 1.575490
2.724078, 0.014323, 1.575490
2.726022, 0.016873, 1.855985
2.727984, 0.016873, 1.855985
2.729950, 0.014323, 1.575490
2.731820, 0.014323, 1.575490
2.733834, 0.014323, 1.575490
2.736064, 0.014323, 1.575490
2.738128, 0.014323, 1.575490
2.740052, 0.014323, 1.575490
2.741963, 0.014323, 1.575490
2.744045, 0.014323, 1.575490
2.745906, 0.016873, 1.855985
2.747686, 0.014323, 1.575490
2.750791, 0.016873, 1.855985
2.752784, 0.016873, 1.855985
2.754752, 0.014323, 1.575490
2.756754, 0.016873, 1.855985
2.758500, 0.014323, 1.575490
2.760240, 0.016873, 1.855985
2.761983, 0.014323, 1.575490
2.763956, 0.016873, 1.855985
2.765721, 0.014323, 1.575490
2.767469, 0.016873, 1.855985
2.769266, 0.016873, 1.855985
2.771295, 0.016873, 1.855985
2.773064, 0.016873, 1.855985
2.775065, 0.014323, 1.575490
2.777008, 0.014323, 1.575490
2.778814, 0.016873, 1.855985
2.780619, 0.016873, 1.855985
2.782412, 0.016873, 1.855985
2.785090, 0.016873, 1.855985
2.788570, 0.016873, 1.855985
2.790899, 0.016873, 1.855985
2.792858, 0.014323, 1.575490
2.794814, 0.016873, 1.855985
2.796726, 0.016873, 1.855985
2.798573, 0.016873, 1.855985
2.801484, 0.014323, 1.575490
2.804550, 0.016873, 1.855985
2.806958, 0.016873, 1.855985
2.809143, 0.014323, 1.575490
2.811191, 0.014323, 1.575490
2.813411, 0.014323, 1.575490
2.815919, 0.014323, 1.575490
2.819940, 0.014323, 1.575490
2.822648, 0.016873, 1.855985
2.824982, 0.016873, 1.855985
2.827370, 0.014323, 1.575490
2.829547, 0.016873, 1.855985
2.831871, 0.016873, 1.855985
2.834068, 0.014323, 1.575490
2.836300, 0.014323, 1.575490
2.838421, 0.014323, 1.575490
2.840420, 0.016873, 1.855985
2.842354, 0.014323, 1.575490
2.844290, 0.016873, 1.855985
2.846400, 0.016873, 1.855985
2.848397, 0.016873, 1.855985
2.850468, 0.014323, 1.575490
2.852504, 0.016873, 1.855985
2.854488, 0.016873, 1.855985
2.856444, 0.014323, 1.575490
2.858356, 0.016873, 1.855985
2.860425, 0.016873, 1.855985
2.862744, 0.014323, 1.575490
2.864892, 0.016873, 1.855985
2.867394, 0.016873, 1.855985
2.869670, 0.014323, 1.575490
2.872015, 0.014323, 1.575490
2.874218, 0.014323, 1.575490
2.876315, 0.014323, 1.575490
2.878345, 0.014323, 1.575490
2.880468, 0.016873, 1.855985
2.882547, 0.016873, 1.855985
2.884580, 0.014323, 1.575490
2.886750, 0.014323, 1.575490
2.888905, 0.016873, 1.855985
2.890974, 0.014323, 1.575490
2.893024, 0.014323, 1.575490
2.895031, 0.016873, 1.855985
2.897001, 0.014323, 1.575490
2.898935, 0.014323, 1.575490
2.900923, 0.016873, 1.855985
2.903182, 0.014323, 1.575490
2.905328, 0.016873, 1.855985
2.907366, 0.016873, 1.855985
2.909404, 0.014323, 1.575490
2.911390, 0.014323, 1.575490
2.913365, 0.014323, 1.575490
2.915340, 0.014323, 1.575490
2.917350, 0.016873, 1.855985
2.919493, 0.016873, 1.855985
2.921808, 0.016873, 1.855985
2.923870, 0.016873, 1.855985
2.925850, 0.016873, 1.855985
2.927824, 0.016873, 1.855985
2.929806, 0.014323, 1.575490
2.932257, 0.016873, 1.855985
2.934406, 0.014323, 1.575490
2.936606, 0.014323, 1.575490
2.938711, 0.014323, 1.575490
2.940700, 0.016873, 1.855985
2.942660, 0.014323, 1.575490
2.944679, 0.014323, 1.575490
2.946690, 0.014323, 1.575490
2.948647, 0.014323, 1.575490
2.950806, 0.016873, 1.855985
2.953007, 0.016873, 1.855985
2.955000, 0.016873, 1.855985
2.956950, 0.014323, 1.575490
2.958934, 0.014323, 1.575490
2.960921, 0.016873, 1.855985
2.978028, 0.016873, 1.855985
2.980272, 0.014323, 1.575490
2.982528, 0.016873, 1.855985
2.984576, 0.014323, 1.575490
2.986619, 0.016873, 1.855985
2.988727, 0.014323, 1.575490
2.990774, 0.016873, 1.855985
2.992752, 0.016873, 1.855985
2.994731, 0.014323, 1.575490
2.996659, 0.016873, 1.855985
2.998577, 0.014323, 1.575490
3.000512, 0.014323, 1.575490
3.002590, 0.016873, 1.855985
3.004638, 0.014323, 1.575490
3.006620, 0.016873, 1.855985
3.008588, 0.016873, 1.855985
3.010564, 0.014323, 1.575490
3.013732, 0.014323, 1.575490
3.015731, 0.014323, 1.575490
3.018432, 0.016873, 1.855985
3.020891, 0.014323, 1.575490
3.023521, 0.016873, 1.855985
3.025819, 0.016873, 1.855985
3.028089, 0.014323, 1.575490
3.030295, 0.014323, 1.575490
3.033234, 0.014323, 1.575490
3.035656, 0.014323, 1.575490
3.037959, 0.014323, 1.575490
3.040204, 0.016873, 1.855985
3.042537, 0.014323, 1.575490
3.044787, 0.016873, 1.855985
3.046834, 0.014323, 1.575490
3.048875, 0.014323, 1.575490
3.050929, 0.014323, 1.575490
3.053351, 0.014323, 1.575490
3.055352, 0.014323, 1.575490
3.057299, 0.016873, 1.855985
3.059268, 0.016873, 1.855985
3.061211, 0.016873, 1.855985
3.063368, 0.016873, 1.855985
3.065303, 0.014323, 1.575490
3.067240, 0.016873, 1.855985
3.069189, 0.016873, 1.855985
3.071260, 0.016873, 1.855985
3.073467, 0.014323, 1.575490
3.075709, 0.014323, 1.575490
3.077811, 0.016873, 1.855985
3.079779, 0.014323, 1.575490
3.081735, 0.014323, 1.575490
3.083656, 0.016873, 1.855985
3.085564, 0.014323, 1.575490
3.087520, 0.016873, 1.855985
3.089645, 0.014323, 1.575490
3.091789, 0.014323, 1.575490
3.093941, 0.016873, 1.855985
3.096091, 0.014323, 1.575490
3.098260, 0.016873, 1.855985
3.100435, 0.014323, 1.575490
3.102982, 0.016873, 1.855985
3.106031, 0.014323, 1.575490
3.108821, 0.014323, 1.575490
3.111437, 0.014323, 1.575490
3.113943, 0.014323, 1.575490
3.116260, 0.014323, 1.575490
3.118564, 0.014323, 1.575490
3.120738, 0.014323, 1.575490
3.122949, 0.014323, 1.575490
3.125189, 0.016873, 1.855985
3.127438, 0.016873, 1.855985
3.129836, 0.016873, 1.855985
3.132164, 0.016873, 1.855985
3.134723, 0.016873, 1.855985
3.137090, 0.014323, 1.575490
3.139292, 0.016873, 1.855985
3.141817, 0.016873, 1.855985
3.144773, 0.014323, 1.575490
3.147148, 0.014323, 1.575490
3.149323, 0.014323, 1.575490
3.151397, 0.014323, 1.575490
3.153474, 0.014323, 1.575490
3.155448, 0.014323, 1.575490
3.157376, 0.014323, 1.575490
3.159341, 0.014323, 1.575490
3.161353, 0.016873, 1.855985
3.163615, 0.016873, 1.855985
3.165673, 0.014323, 1.575490
3.167644, 0.014323, 1.575490
3.169604, 0.014323, 1.575490
3.171718, 0.016873, 1.855985
3.173617, 0.014323, 1.575490
3.176044, 0.016873, 1.855985
3.178139, 0.014323, 1.575490
3.180289, 0.014323, 1.575490
3.182510, 0.014323, 1.575490
3.184843, 0.014323, 1.575490
3.187151, 0.016873, 1.855985
3.189466, 0.014323, 1.575490
3.191821, 0.014323, 1.575490
3.194232, 0.014323, 1.575490
3.196699, 0.014323, 1.575490
3.199705, 0.014323, 1.575490
3.202099, 0.016873, 1.855985
3.204111, 0.014323, 1.575490
3.206078, 0.014323, 1.575490
3.207988, 0.016873, 1.855985
3.209866, 0.014323, 1.575490
3.211723, 0.014323, 1.575490
3.213589, 0.014323, 1.575490
3.215543, 0.016873, 1.855985
3.217515, 0.014323, 1.575490
3.219452, 0.016873, 1.855985
3.221499, 0.016873, 1.855985
3.223580, 0.014323, 1.575490
3.225749, 0.014323, 1.575490
3.227754, 0.014323, 1.575490
3.229677, 0.014323, 1.575490
3.231603, 0.014323, 1.575490
3.233486, 0.014323, 1.575490
3.236157, 0.014323, 1.575490
3.238832, 0.014323, 1.575490
3.240817, 0.016873, 1.855985
3.242898, 0.016873, 1.855985
3.245500, 0.016873, 1.855985
3.247929, 0.016873, 1.855985
3.249947, 0.014323, 1.575490
3.252232, 0.016873, 1.855985
3.254470, 0.016873, 1.855985
3.256486, 0.014323, 1.575490
3.258414, 0.014323, 1.575490
3.260310, 0.016873, 1.855985
3.262213, 0.016873, 1.855985
3.264148, 0.016873, 1.855985
3.266256, 0.014323, 1.575490
3.268306, 0.016873, 1.855985
3.270331, 0.014323, 1.575490
3.272264, 0.016873, 1.855985
3.274169, 0.014323, 1.575490
3.276408, 0.016873, 1.855985
3.278386, 0.016873, 1.855985
3.280306, 0.016873, 1.855985
3.282347, 0.016873, 1.855985
3.284241, 0.014323, 1.575490
3.286297, 0.014323, 1.575490
3.288290, 0.014323, 1.575490
3.290290, 0.014323, 1.575490
3.292212, 0.016873, 1.855985
3.294154, 0.014323, 1.575490
3.296362, 0.014323, 1.575490
3.298459, 0.014323, 1.575490
3.300643, 0.014323, 1.575490
3.302954, 0.014323, 1.575490
3.304988, 0.016873, 1.855985
3.307033, 0.014323, 1.575490
3.309028, 0.014323, 1.575490
3.311011, 0.016873, 1.855985
3.313016, 0.014323, 1.575490
3.314897, 0.014323, 1.575490
3.316814, 0.014323, 1.575490
3.318732, 0.014323, 1.575490
3.320705, 0.014323, 1.575490
3.322606, 0.014323, 1.575490
3.324536, 0.014323, 1.575490
3.326549, 0.014323, 1.575490
3.328514, 0.014323, 1.575490
3.330570, 0.014323, 1.575490
3.332591, 0.016873, 1.855985
3.334476, 0.014323, 1.575490
3.336885, 0.014323, 1.575490
3.339102, 0.016873, 1.855985
3.341316, 0.014323, 1.575490
3.343251, 0.014323, 1.575490
3.345162, 0.014323, 1.575490
3.347043, 0.016873, 1.855985
3.349069, 0.014323, 1.575490
3.351348, 0.014323, 1.575490
3.353507, 0.014323, 1.575490
3.355586, 0.014323, 1.575490
3.357499, 0.016873, 1.855985
3.359401, 0.016873, 1.855985
3.361358, 0.016873, 1.855985
3.363412, 0.016873, 1.855985
3.365250, 0.016873, 1.855985
3.368486, 0.016873, 1.855985
3.370635, 0.014323, 1.575490
3.372586, 0.014323, 1.575490
3.374388, 0.016873, 1.855985
3.376154, 0.014323, 1.575490
3.377974, 0.016873, 1.855985
3.379765, 0.016873, 1.855985
3.381689, 0.014323, 1.575490
3.383656, 0.016873, 1.855985
3.385818, 0.014323, 1.575490
3.387661, 0.014323, 1.575490
3.389486, 0.016873, 1.855985
3.391540, 0.014323, 1.575490
3.393332, 0.016873, 1.855985
3.395957, 0.014323, 1.575490
3.398081, 0.014323, 1.575490
3.400318, 0.014323, 1.575490
3.402413, 0.016873, 1.855985
3.404895, 0.016873, 1.855985
3.407094, 0.016873, 1.855985
3.409017, 0.016873, 1.855985
3.411824, 0.016873, 1.855985
3.414618, 0.016873, 1.855985
3.417390, 0.016873, 1.855985
3.419273, 0.014323, 1.575490
3.421081, 0.014323, 1.575490
3.422905, 0.014323, 1.575490
3.424736, 0.014323, 1.575490
3.426576, 0.016873, 1.855985
3.428389, 0.016873, 1.855985
3.430202, 0.014323, 1.575490
3.432057, 0.016873, 1.855985
3.433884, 0.016873, 1.855985
3.435882, 0.016873, 1.855985
3.437728, 0.016873, 1.855985
3.439550, 0.014323, 1.575490
3.441352, 0.014323, 1.575490
3.443150, 0.014323, 1.575490
3.445232, 0.016873, 1.855985
3.447126, 0.014323, 1.575490
3.448905, 0.014323, 1.575490
3.450784, 0.016873, 1.855985
3.453091, 0.016873, 1.855985
3.454845, 0.016873, 1.855985
3.456610, 0.016873, 1.855985
3.458397, 0.014323, 1.575490
3.460219, 0.016873, 1.855985
3.462021, 0.016873, 1.855985
3.463818, 0.014323, 1.575490
3.465722, 0.014323, 1.575490
3.468141, 0.014323, 1.575490
3.470744, 0.014323, 1.575490
3.473204, 0.016873, 1.855985
3.475915, 0.016873, 1.855985
3.478791, 0.016873, 1.855985
3.481375, 0.014323, 1.575490
3.483652, 0.016873, 1.855985
3.485911, 0.014323, 1.575490
3.487745, 0.016873, 1.855985
3.489494, 0.014323, 1.575490
3.491443, 0.014323, 1.575490
3.493222, 0.014323, 1.575490
3.495129, 0.016873, 1.855985
3.496965, 0.016873, 1.855985
3.498920, 0.014323, 1.575490
3.500928, 0.016873, 1.855985
3.502753, 0.014323, 1.575490
3.504580, 0.016873, 1.855985
3.506808, 0.016873, 1.855985
3.508645, 0.014323, 1.575490
3.510528, 0.016873, 1.855985
3.512351, 0.014323, 1.575490
3.514332, 0.014323, 1.575490
3.516200, 0.016873, 1.855985
3.518509, 0.014323, 1.575490
3.520504, 0.014323, 1.575490
3.522329, 0.014323, 1.575490
3.524142, 0.016873, 1.855985
3.526044, 0.016873, 1.855985
3.528003, 0.014323, 1.575490
3.529800, 0.014323, 1.575490
3.531574, 0.014323, 1.575490
3.533334, 0.016873, 1.855985
3.535913, 0.016873, 1.855985
3.538609, 0.014323, 1.575490
3.541178, 0.016873, 1.855985
3.543694, 0.016873, 1.855985
3.546194, 0.016873, 1.855985
3.548073, 0.014323, 1.575490
3.549890, 0.014323, 1.575490
3.551770, 0.014323, 1.575490
3.553651, 0.014323, 1.575490
3.555647, 0.014323, 1.575490
3.558006, 0.016873, 1.855985
3.559906, 0.014323, 1.575490
3.561768, 0.014323, 1.575490
3.563627, 0.014323, 1.575490
3.565455, 0.014323, 1.575490
3.567376, 0.016873, 1.855985
3.569291, 0.016873, 1.855985
3.571111, 0.016873, 1.855985
3.572932, 0.016873, 1.855985
3.574759, 0.016873, 1.855985
3.577361, 0.014323, 1.575490
3.579794, 0.014323, 1.575490
3.581523, 0.014323, 1.575490
3.583280, 0.014323, 1.575490
3.585349, 0.014323, 1.575490
3.587389, 0.014323, 1.575490
3.589280, 0.016873, 1.855985
3.591102, 0.016873, 1.855985
3.593093, 0.014323, 1.575490
3.594882, 0.014323, 1.575490
3.596873, 0.014323, 1.575490
3.598866, 0.014323, 1.575490
3.600811, 0.014323, 1.575490
3.602709, 0.014323, 1.575490
3.604595, 0.016873, 1.855985
3.607095, 0.016873, 1.855985
3.608993, 0.014323, 1.575490
3.610830, 0.014323, 1.575490
3.612639, 0.014323, 1.575490
3.614601, 0.016873, 1.855985
3.617198, 0.014323, 1.575490
3.619545, 0.016873, 1.855985
3.621488, 0.016873, 1.855985
3.623520, 0.016873, 1.855985
3.625539, 0.014323, 1.575490
3.627968, 0.014323, 1.575490
3.630552, 0.014323, 1.575490
